날짜,평균 기온,최저 기온,최고 기온,강수량
1995-01-01,-2.8,-3.8,2.1,22.2
1995-01-02,-1.1,-2.3,2.5,21.8
1995-01-03,0.9,-1.5,1.7,22.6
1995-01-04,0.2,-2.1,2.0,22.6
1995-01-05,-2.2,-3.0,2.9,22.5
1995-01-06,-3.1,-1.5,7.1,23.1
1995-01-07,3.6,1.4,8.6,25.3
1995-01-08,6.7,3.6,8.8,22.7
1995-01-09,1.3,4.1,9.4,23.3
1995-01-10,-5.4,3.6,4.0,22.8
1995-01-11,-5.0,3.6,4.4,24.1
1995-01-12,-3.2,3.5,4.7,25.8
1995-01-13,-5.1,1.4,5.4,24.1
1995-01-14,-5.9,-0.2,6.8,24.4
1995-01-15,-3.3,0.5,10.2,25.2
1995-01-16,-0.4,-1.0,7.1,23.9
1995-01-17,-1.2,0.3,0.1,24.1
1995-01-18,-1.3,2.9,1.9,23.3
1995-01-19,-4.4,3.6,4.7,19.9
1995-01-20,-1.1,2.3,9.2,20.1
1995-01-21,0.7,1.1,10.6,22.9
1995-01-22,2.9,1.3,10.5,25.7
1995-01-23,0.6,2.6,8.1,28.7
1995-01-24,-2.5,3.4,5.1,26.7
1995-01-25,-0.9,2.3,5.1,26.2
1995-01-26,-4.6,1.8,5.1,28.6
1995-01-27,-5.0,3.1,7.3,27.7
1995-01-28,-5.9,3.8,6.8,27.1
1995-01-29,-6.2,0.0,7.5,26.5
1995-01-30,-7.0,0.0,9.9,27.5
1995-01-31,-4.4,0.0,6.7,27.8
,-2.1,1.2,6.0,24.5
1995-02-01,-2.8,-3.8,2.1,22.2
1995-02-02,-1.1,-2.3,2.5,21.8
1995-02-03,0.9,-1.5,1.7,22.6
1995-02-04,0.2,-2.1,2.0,22.6
1995-02-05,-2.2,-3.0,2.9,22.5
1995-02-06,-3.1,-1.5,7.1,23.1
1995-02-07,3.6,1.4,8.6,25.3
1995-02-08,6.7,3.6,8.8,22.7
1995-02-09,1.3,4.1,9.4,23.3
1995-02-10,-5.4,3.6,4.0,22.8
1995-02-11,-5.0,3.6,4.4,24.1
1995-02-12,-3.2,3.5,4.7,25.8
1995-02-13,-5.1,1.4,5.4,24.1
1995-02-14,-5.9,-0.2,6.8,24.4
1995-02-15,-3.3,0.5,10.2,25.2
1995-02-16,-0.4,-1.0,7.1,23.9
1995-02-17,-1.2,0.3,0.1,24.1
1995-02-18,-1.3,2.9,1.9,23.3
1995-02-19,-4.4,3.6,4.7,19.9
1995-02-20,-1.1,2.3,9.2,20.1
1995-02-21,0.7,1.1,10.6,22.9
1995-02-22,2.9,1.3,10.5,25.7
1995-02-23,0.6,2.6,8.1,28.7
1995-02-24,-2.5,3.4,5.1,26.7
1995-02-25,-0.9,2.3,5.1,26.2
1995-02-26,-4.6,1.8,5.1,28.6
1995-02-27,-5.0,3.1,7.3,27.7
1995-02-28,-5.9,3.8,6.8,27.1
,-6.2,0.0,7.5,26.5
,-7.0,0.0,9.9,27.5
,-4.4,0.0,6.7,27.8
,-2.1,1.2,6.0,24.5
1995-03-01,-2.8,-3.8,2.1,22.2
1995-03-02,-1.1,-2.3,2.5,21.8
1995-03-03,0.9,-1.5,1.7,22.6
1995-03-04,0.2,-2.1,2.0,22.6
1995-03-05,-2.2,-3.0,2.9,22.5
1995-03-06,-3.1,-1.5,7.1,23.1
1995-03-07,3.6,1.4,8.6,25.3
1995-03-08,6.7,3.6,8.8,22.7
1995-03-09,1.3,4.1,9.4,23.3
1995-03-10,-5.4,3.6,4.0,22.8
1995-03-11,-5.0,3.6,4.4,24.1
1995-03-12,-3.2,3.5,4.7,25.8
1995-03-13,-5.1,1.4,5.4,24.1
1995-03-14,-5.9,-0.2,6.8,24.4
1995-03-15,-3.3,0.5,10.2,25.2
1995-03-16,-0.4,-1.0,7.1,23.9
1995-03-17,-1.2,0.3,0.1,24.1
1995-03-18,-1.3,2.9,1.9,23.3
1995-03-19,-4.4,3.6,4.7,19.9
1995-03-20,-1.1,2.3,9.2,20.1
1995-03-21,0.7,1.1,10.6,22.9
1995-03-22,2.9,1.3,10.5,25.7
1995-03-23,0.6,2.6,8.1,28.7
1995-03-24,-2.5,3.4,5.1,26.7
1995-03-25,-0.9,2.3,5.1,26.2
1995-03-26,-4.6,1.8,5.1,28.6
1995-03-27,-5.0,3.1,7.3,27.7
1995-03-28,-5.9,3.8,6.8,27.1
1995-03-29,-6.2,0.0,7.5,26.5
1995-03-30,-7.0,0.0,9.9,27.5
1995-03-31,-4.4,0.0,6.7,27.8
,-2.1,1.2,6.0,24.5
1995-04-01,-2.8,-3.8,2.1,22.2
1995-04-02,-1.1,-2.3,2.5,21.8
1995-04-03,0.9,-1.5,1.7,22.6
1995-04-04,0.2,-2.1,2.0,22.6
1995-04-05,-2.2,-3.0,2.9,22.5
1995-04-06,-3.1,-1.5,7.1,23.1
1995-04-07,3.6,1.4,8.6,25.3
1995-04-08,6.7,3.6,8.8,22.7
1995-04-09,1.3,4.1,9.4,23.3
1995-04-10,-5.4,3.6,4.0,22.8
1995-04-11,-5.0,3.6,4.4,24.1
1995-04-12,-3.2,3.5,4.7,25.8
1995-04-13,-5.1,1.4,5.4,24.1
1995-04-14,-5.9,-0.2,6.8,24.4
1995-04-15,-3.3,0.5,10.2,25.2
1995-04-16,-0.4,-1.0,7.1,23.9
1995-04-17,-1.2,0.3,0.1,24.1
1995-04-18,-1.3,2.9,1.9,23.3
1995-04-19,-4.4,3.6,4.7,19.9
1995-04-20,-1.1,2.3,9.2,20.1
1995-04-21,0.7,1.1,10.6,22.9
1995-04-22,2.9,1.3,10.5,25.7
1995-04-23,0.6,2.6,8.1,28.7
1995-04-24,-2.5,3.4,5.1,26.7
1995-04-25,-0.9,2.3,5.1,26.2
1995-04-26,-4.6,1.8,5.1,28.6
1995-04-27,-5.0,3.1,7.3,27.7
1995-04-28,-5.9,3.8,6.8,27.1
1995-04-29,-6.2,0.0,7.5,26.5
1995-04-30,-7.0,0.0,9.9,27.5
,-4.4,0.0,6.7,27.8
,-2.1,1.2,6.0,24.5
1995-05-01,-2.8,-3.8,2.1,22.2
1995-05-02,-1.1,-2.3,2.5,21.8
1995-05-03,0.9,-1.5,1.7,22.6
1995-05-04,0.2,-2.1,2.0,22.6
1995-05-05,-2.2,-3.0,2.9,22.5
1995-05-06,-3.1,-1.5,7.1,23.1
1995-05-07,3.6,1.4,8.6,25.3
1995-05-08,6.7,3.6,8.8,22.7
1995-05-09,1.3,4.1,9.4,23.3
1995-05-10,-5.4,3.6,4.0,22.8
1995-05-11,-5.0,3.6,4.4,24.1
1995-05-12,-3.2,3.5,4.7,25.8
1995-05-13,-5.1,1.4,5.4,24.1
1995-05-14,-5.9,-0.2,6.8,24.4
1995-05-15,-3.3,0.5,10.2,25.2
1995-05-16,-0.4,-1.0,7.1,23.9
1995-05-17,-1.2,0.3,0.1,24.1
1995-05-18,-1.3,2.9,1.9,23.3
1995-05-19,-4.4,3.6,4.7,19.9
1995-05-20,-1.1,2.3,9.2,20.1
1995-05-21,0.7,1.1,10.6,22.9
1995-05-22,2.9,1.3,10.5,25.7
1995-05-23,0.6,2.6,8.1,28.7
1995-05-24,-2.5,3.4,5.1,26.7
1995-05-25,-0.9,2.3,5.1,26.2
1995-05-26,-4.6,1.8,5.1,28.6
1995-05-27,-5.0,3.1,7.3,27.7
1995-05-28,-5.9,3.8,6.8,27.1
1995-05-29,-6.2,0.0,7.5,26.5
1995-05-30,-7.0,0.0,9.9,27.5
1995-05-31,-4.4,0.0,6.7,27.8
,-2.1,1.2,6.0,24.5
1995-06-01,-2.8,-3.8,2.1,22.2
1995-06-02,-1.1,-2.3,2.5,21.8
1995-06-03,0.9,-1.5,1.7,22.6
1995-06-04,0.2,-2.1,2.0,22.6
1995-06-05,-2.2,-3.0,2.9,22.5
1995-06-06,-3.1,-1.5,7.1,23.1
1995-06-07,3.6,1.4,8.6,25.3
1995-06-08,6.7,3.6,8.8,22.7
1995-06-09,1.3,4.1,9.4,23.3
1995-06-10,-5.4,3.6,4.0,22.8
1995-06-11,-5.0,3.6,4.4,24.1
1995-06-12,-3.2,3.5,4.7,25.8
1995-06-13,-5.1,1.4,5.4,24.1
1995-06-14,-5.9,-0.2,6.8,24.4
1995-06-15,-3.3,0.5,10.2,25.2
1995-06-16,-0.4,-1.0,7.1,23.9
1995-06-17,-1.2,0.3,0.1,24.1
1995-06-18,-1.3,2.9,1.9,23.3
1995-06-19,-4.4,3.6,4.7,19.9
1995-06-20,-1.1,2.3,9.2,20.1
1995-06-21,0.7,1.1,10.6,22.9
1995-06-22,2.9,1.3,10.5,25.7
1995-06-23,0.6,2.6,8.1,28.7
1995-06-24,-2.5,3.4,5.1,26.7
1995-06-25,-0.9,2.3,5.1,26.2
1995-06-26,-4.6,1.8,5.1,28.6
1995-06-27,-5.0,3.1,7.3,27.7
1995-06-28,-5.9,3.8,6.8,27.1
1995-06-29,-6.2,0.0,7.5,26.5
1995-06-30,-7.0,0.0,9.9,27.5
,-4.4,0.0,6.7,27.8
,-2.1,1.2,6.0,24.5
1995-07-01,-2.8,-3.8,2.1,22.2
1995-07-02,-1.1,-2.3,2.5,21.8
1995-07-03,0.9,-1.5,1.7,22.6
1995-07-04,0.2,-2.1,2.0,22.6
1995-07-05,-2.2,-3.0,2.9,22.5
1995-07-06,-3.1,-1.5,7.1,23.1
1995-07-07,3.6,1.4,8.6,25.3
1995-07-08,6.7,3.6,8.8,22.7
1995-07-09,1.3,4.1,9.4,23.3
1995-07-10,-5.4,3.6,4.0,22.8
1995-07-11,-5.0,3.6,4.4,24.1
1995-07-12,-3.2,3.5,4.7,25.8
1995-07-13,-5.1,1.4,5.4,24.1
1995-07-14,-5.9,-0.2,6.8,24.4
1995-07-15,-3.3,0.5,10.2,25.2
1995-07-16,-0.4,-1.0,7.1,23.9
1995-07-17,-1.2,0.3,0.1,24.1
1995-07-18,-1.3,2.9,1.9,23.3
1995-07-19,-4.4,3.6,4.7,19.9
1995-07-20,-1.1,2.3,9.2,20.1
1995-07-21,0.7,1.1,10.6,22.9
1995-07-22,2.9,1.3,10.5,25.7
1995-07-23,0.6,2.6,8.1,28.7
1995-07-24,-2.5,3.4,5.1,26.7
1995-07-25,-0.9,2.3,5.1,26.2
1995-07-26,-4.6,1.8,5.1,28.6
1995-07-27,-5.0,3.1,7.3,27.7
1995-07-28,-5.9,3.8,6.8,27.1
1995-07-29,-6.2,0.0,7.5,26.5
1995-07-30,-7.0,0.0,9.9,27.5
1995-07-31,-4.4,0.0,6.7,27.8
,-2.1,1.2,6.0,24.5
1995-08-01,-2.8,-3.8,2.1,22.2
1995-08-02,-1.1,-2.3,2.5,21.8
1995-08-03,0.9,-1.5,1.7,22.6
1995-08-04,0.2,-2.1,2.0,22.6
1995-08-05,-2.2,-3.0,2.9,22.5
1995-08-06,-3.1,-1.5,7.1,23.1
1995-08-07,3.6,1.4,8.6,25.3
1995-08-08,6.7,3.6,8.8,22.7
1995-08-09,1.3,4.1,9.4,23.3
1995-08-10,-5.4,3.6,4.0,22.8
1995-08-11,-5.0,3.6,4.4,24.1
1995-08-12,-3.2,3.5,4.7,25.8
1995-08-13,-5.1,1.4,5.4,24.1
1995-08-14,-5.9,-0.2,6.8,24.4
1995-08-15,-3.3,0.5,10.2,25.2
1995-08-16,-0.4,-1.0,7.1,23.9
1995-08-17,-1.2,0.3,0.1,24.1
1995-08-18,-1.3,2.9,1.9,23.3
1995-08-19,-4.4,3.6,4.7,19.9
1995-08-20,-1.1,2.3,9.2,20.1
1995-08-21,0.7,1.1,10.6,22.9
1995-08-22,2.9,1.3,10.5,25.7
1995-08-23,0.6,2.6,8.1,28.7
1995-08-24,-2.5,3.4,5.1,26.7
1995-08-25,-0.9,2.3,5.1,26.2
1995-08-26,-4.6,1.8,5.1,28.6
1995-08-27,-5.0,3.1,7.3,27.7
1995-08-28,-5.9,3.8,6.8,27.1
1995-08-29,-6.2,0.0,7.5,26.5
1995-08-30,-7.0,0.0,9.9,27.5
1995-08-31,-4.4,0.0,6.7,27.8
,-2.1,1.2,6.0,24.5
1995-09-01,-2.8,-3.8,2.1,22.2
1995-09-02,-1.1,-2.3,2.5,21.8
1995-09-03,0.9,-1.5,1.7,22.6
1995-09-04,0.2,-2.1,2.0,22.6
1995-09-05,-2.2,-3.0,2.9,22.5
1995-09-06,-3.1,-1.5,7.1,23.1
1995-09-07,3.6,1.4,8.6,25.3
1995-09-08,6.7,3.6,8.8,22.7
1995-09-09,1.3,4.1,9.4,23.3
1995-09-10,-5.4,3.6,4.0,22.8
1995-09-11,-5.0,3.6,4.4,24.1
1995-09-12,-3.2,3.5,4.7,25.8
1995-09-13,-5.1,1.4,5.4,24.1
1995-09-14,-5.9,-0.2,6.8,24.4
1995-09-15,-3.3,0.5,10.2,25.2
1995-09-16,-0.4,-1.0,7.1,23.9
1995-09-17,-1.2,0.3,0.1,24.1
1995-09-18,-1.3,2.9,1.9,23.3
1995-09-19,-4.4,3.6,4.7,19.9
1995-09-20,-1.1,2.3,9.2,20.1
1995-09-21,0.7,1.1,10.6,22.9
1995-09-22,2.9,1.3,10.5,25.7
1995-09-23,0.6,2.6,8.1,28.7
1995-09-24,-2.5,3.4,5.1,26.7
1995-09-25,-0.9,2.3,5.1,26.2
1995-09-26,-4.6,1.8,5.1,28.6
1995-09-27,-5.0,3.1,7.3,27.7
1995-09-28,-5.9,3.8,6.8,27.1
1995-09-29,-6.2,0.0,7.5,26.5
1995-09-30,-7.0,0.0,9.9,27.5
,-4.4,0.0,6.7,27.8
,-2.1,1.2,6.0,24.5
1995-10-01,-2.8,-3.8,2.1,22.2
1995-10-02,-1.1,-2.3,2.5,21.8
1995-10-03,0.9,-1.5,1.7,22.6
1995-10-04,0.2,-2.1,2.0,22.6
1995-10-05,-2.2,-3.0,2.9,22.5
1995-10-06,-3.1,-1.5,7.1,23.1
1995-10-07,3.6,1.4,8.6,25.3
1995-10-08,6.7,3.6,8.8,22.7
1995-10-09,1.3,4.1,9.4,23.3
1995-10-10,-5.4,3.6,4.0,22.8
1995-10-11,-5.0,3.6,4.4,24.1
1995-10-12,-3.2,3.5,4.7,25.8
1995-10-13,-5.1,1.4,5.4,24.1
1995-10-14,-5.9,-0.2,6.8,24.4
1995-10-15,-3.3,0.5,10.2,25.2
1995-10-16,-0.4,-1.0,7.1,23.9
1995-10-17,-1.2,0.3,0.1,24.1
1995-10-18,-1.3,2.9,1.9,23.3
1995-10-19,-4.4,3.6,4.7,19.9
1995-10-20,-1.1,2.3,9.2,20.1
1995-10-21,0.7,1.1,10.6,22.9
1995-10-22,2.9,1.3,10.5,25.7
1995-10-23,0.6,2.6,8.1,28.7
1995-10-24,-2.5,3.4,5.1,26.7
1995-10-25,-0.9,2.3,5.1,26.2
1995-10-26,-4.6,1.8,5.1,28.6
1995-10-27,-5.0,3.1,7.3,27.7
1995-10-28,-5.9,3.8,6.8,27.1
1995-10-29,-6.2,0.0,7.5,26.5
1995-10-30,-7.0,0.0,9.9,27.5
1995-10-31,-4.4,0.0,6.7,27.8
,-2.1,1.2,6.0,24.5
1995-11-01,-2.8,-3.8,2.1,22.2
1995-11-02,-1.1,-2.3,2.5,21.8
1995-11-03,0.9,-1.5,1.7,22.6
1995-11-04,0.2,-2.1,2.0,22.6
1995-11-05,-2.2,-3.0,2.9,22.5
1995-11-06,-3.1,-1.5,7.1,23.1
1995-11-07,3.6,1.4,8.6,25.3
1995-11-08,6.7,3.6,8.8,22.7
1995-11-09,1.3,4.1,9.4,23.3
1995-11-10,-5.4,3.6,4.0,22.8
1995-11-11,-5.0,3.6,4.4,24.1
1995-11-12,-3.2,3.5,4.7,25.8
1995-11-13,-5.1,1.4,5.4,24.1
1995-11-14,-5.9,-0.2,6.8,24.4
1995-11-15,-3.3,0.5,10.2,25.2
1995-11-16,-0.4,-1.0,7.1,23.9
1995-11-17,-1.2,0.3,0.1,24.1
1995-11-18,-1.3,2.9,1.9,23.3
1995-11-19,-4.4,3.6,4.7,19.9
1995-11-20,-1.1,2.3,9.2,20.1
1995-11-21,0.7,1.1,10.6,22.9
1995-11-22,2.9,1.3,10.5,25.7
1995-11-23,0.6,2.6,8.1,28.7
1995-11-24,-2.5,3.4,5.1,26.7
1995-11-25,-0.9,2.3,5.1,26.2
1995-11-26,-4.6,1.8,5.1,28.6
1995-11-27,-5.0,3.1,7.3,27.7
1995-11-28,-5.9,3.8,6.8,27.1
1995-11-29,-6.2,0.0,7.5,26.5
1995-11-30,-7.0,0.0,9.9,27.5
,-4.4,0.0,6.7,27.8
,-2.1,1.2,6.0,24.5
1995-12-01,-2.8,-3.8,2.1,22.2
1995-12-02,-1.1,-2.3,2.5,21.8
1995-12-03,0.9,-1.5,1.7,22.6
1995-12-04,0.2,-2.1,2.0,22.6
1995-12-05,-2.2,-3.0,2.9,22.5
1995-12-06,-3.1,-1.5,7.1,23.1
1995-12-07,3.6,1.4,8.6,25.3
1995-12-08,6.7,3.6,8.8,22.7
1995-12-09,1.3,4.1,9.4,23.3
1995-12-10,-5.4,3.6,4.0,22.8
1995-12-11,-5.0,3.6,4.4,24.1
1995-12-12,-3.2,3.5,4.7,25.8
1995-12-13,-5.1,1.4,5.4,24.1
1995-12-14,-5.9,-0.2,6.8,24.4
1995-12-15,-3.3,0.5,10.2,25.2
1995-12-16,-0.4,-1.0,7.1,23.9
1995-12-17,-1.2,0.3,0.1,24.1
1995-12-18,-1.3,2.9,1.9,23.3
1995-12-19,-4.4,3.6,4.7,19.9
1995-12-20,-1.1,2.3,9.2,20.1
1995-12-21,0.7,1.1,10.6,22.9
1995-12-22,2.9,1.3,10.5,25.7
1995-12-23,0.6,2.6,8.1,28.7
1995-12-24,-2.5,3.4,5.1,26.7
1995-12-25,-0.9,2.3,5.1,26.2
1995-12-26,-4.6,1.8,5.1,28.6
1995-12-27,-5.0,3.1,7.3,27.7
1995-12-28,-5.9,3.8,6.8,27.1
1995-12-29,-6.2,0.0,7.5,26.5
1995-12-30,-7.0,0.0,9.9,27.5
1995-12-31,-4.4,0.0,6.7,27.8
,-2.1,1.2,6.0,24.5
1996-01-01,-3.2,-8.7,1.2,22.0
1996-01-02,0.2,-9.5,1.7,22.3
1996-01-03,-4.5,-5.0,2.2,24.0
1996-01-04,-5.4,-0.7,3.2,22.4
1996-01-05,-0.1,-6.0,3.2,24.0
1996-01-06,4.5,-6.6,4.9,22.1
1996-01-07,2.9,-4.4,6.0,23.0
1996-01-08,-5.7,-3.3,3.1,22.8
1996-01-09,-6.5,-5.9,3.1,23.2
1996-01-10,-4.3,-4.6,2.7,23.8
1996-01-11,-3.1,-0.2,1.7,24.7
1996-01-12,0.5,6.5,0.9,24.7
1996-01-13,2.9,8.3,2.1,23.0
1996-01-14,3.8,6.7,8.6,22.9
1996-01-15,2.0,1.2,9.5,22.6
1996-01-16,-3.8,-2.3,6.3,21.7
1996-01-17,-4.9,-2.0,4.5,22.8
1996-01-18,-3.9,-2.1,1.9,27.9
1996-01-19,-2.5,-3.4,1.8,26.5
1996-01-20,-0.8,-4.1,5.1,24.7
1996-01-21,-1.0,-3.8,5.5,24.7
1996-01-22,-0.8,-2.1,6.6,23.7
1996-01-23,-2.6,0.4,6.8,25.8
1996-01-24,-4.3,0.8,4.6,26.7
1996-01-25,-6.1,1.8,4.4,27.4
1996-01-26,-5.6,1.9,7.3,23.6
1996-01-27,-1.9,-1.4,8.8,24.2
1996-01-28,1.5,-0.2,8.8,24.4
1996-01-29,-1.1,2.6,11.2,27.6
1996-01-30,-6.2,0.0,7.7,27.7
1996-01-31,-7.8,0.0,5.9,28.8
,-2.2,-1.6,4.9,24.4
1996-02-01,-3.2,-8.7,1.2,22.0
1996-02-02,0.2,-9.5,1.7,22.3
1996-02-03,-4.5,-5.0,2.2,24.0
1996-02-04,-5.4,-0.7,3.2,22.4
1996-02-05,-0.1,-6.0,3.2,24.0
1996-02-06,4.5,-6.6,4.9,22.1
1996-02-07,2.9,-4.4,6.0,23.0
1996-02-08,-5.7,-3.3,3.1,22.8
1996-02-09,-6.5,-5.9,3.1,23.2
1996-02-10,-4.3,-4.6,2.7,23.8
1996-02-11,-3.1,-0.2,1.7,24.7
1996-02-12,0.5,6.5,0.9,24.7
1996-02-13,2.9,8.3,2.1,23.0
1996-02-14,3.8,6.7,8.6,22.9
1996-02-15,2.0,1.2,9.5,22.6
1996-02-16,-3.8,-2.3,6.3,21.7
1996-02-17,-4.9,-2.0,4.5,22.8
1996-02-18,-3.9,-2.1,1.9,27.9
1996-02-19,-2.5,-3.4,1.8,26.5
1996-02-20,-0.8,-4.1,5.1,24.7
1996-02-21,-1.0,-3.8,5.5,24.7
1996-02-22,-0.8,-2.1,6.6,23.7
1996-02-23,-2.6,0.4,6.8,25.8
1996-02-24,-4.3,0.8,4.6,26.7
1996-02-25,-6.1,1.8,4.4,27.4
1996-02-26,-5.6,1.9,7.3,23.6
1996-02-27,-1.9,-1.4,8.8,24.2
1996-02-28,1.5,-0.2,8.8,24.4
1996-02-29,-1.1,2.6,11.2,27.6
,-6.2,0.0,7.7,27.7
,-7.8,0.0,5.9,28.8
,-2.2,-1.6,4.9,24.4
1996-03-01,-3.2,-8.7,1.2,22.0
1996-03-02,0.2,-9.5,1.7,22.3
1996-03-03,-4.5,-5.0,2.2,24.0
1996-03-04,-5.4,-0.7,3.2,22.4
1996-03-05,-0.1,-6.0,3.2,24.0
1996-03-06,4.5,-6.6,4.9,22.1
1996-03-07,2.9,-4.4,6.0,23.0
1996-03-08,-5.7,-3.3,3.1,22.8
1996-03-09,-6.5,-5.9,3.1,23.2
1996-03-10,-4.3,-4.6,2.7,23.8
1996-03-11,-3.1,-0.2,1.7,24.7
1996-03-12,0.5,6.5,0.9,24.7
1996-03-13,2.9,8.3,2.1,23.0
1996-03-14,3.8,6.7,8.6,22.9
1996-03-15,2.0,1.2,9.5,22.6
1996-03-16,-3.8,-2.3,6.3,21.7
1996-03-17,-4.9,-2.0,4.5,22.8
1996-03-18,-3.9,-2.1,1.9,27.9
1996-03-19,-2.5,-3.4,1.8,26.5
1996-03-20,-0.8,-4.1,5.1,24.7
1996-03-21,-1.0,-3.8,5.5,24.7
1996-03-22,-0.8,-2.1,6.6,23.7
1996-03-23,-2.6,0.4,6.8,25.8
1996-03-24,-4.3,0.8,4.6,26.7
1996-03-25,-6.1,1.8,4.4,27.4
1996-03-26,-5.6,1.9,7.3,23.6
1996-03-27,-1.9,-1.4,8.8,24.2
1996-03-28,1.5,-0.2,8.8,24.4
1996-03-29,-1.1,2.6,11.2,27.6
1996-03-30,-6.2,0.0,7.7,27.7
1996-03-31,-7.8,0.0,5.9,28.8
,-2.2,-1.6,4.9,24.4
1996-04-01,-3.2,-8.7,1.2,22.0
1996-04-02,0.2,-9.5,1.7,22.3
1996-04-03,-4.5,-5.0,2.2,24.0
1996-04-04,-5.4,-0.7,3.2,22.4
1996-04-05,-0.1,-6.0,3.2,24.0
1996-04-06,4.5,-6.6,4.9,22.1
1996-04-07,2.9,-4.4,6.0,23.0
1996-04-08,-5.7,-3.3,3.1,22.8
1996-04-09,-6.5,-5.9,3.1,23.2
1996-04-10,-4.3,-4.6,2.7,23.8
1996-04-11,-3.1,-0.2,1.7,24.7
1996-04-12,0.5,6.5,0.9,24.7
1996-04-13,2.9,8.3,2.1,23.0
1996-04-14,3.8,6.7,8.6,22.9
1996-04-15,2.0,1.2,9.5,22.6
1996-04-16,-3.8,-2.3,6.3,21.7
1996-04-17,-4.9,-2.0,4.5,22.8
1996-04-18,-3.9,-2.1,1.9,27.9
1996-04-19,-2.5,-3.4,1.8,26.5
1996-04-20,-0.8,-4.1,5.1,24.7
1996-04-21,-1.0,-3.8,5.5,24.7
1996-04-22,-0.8,-2.1,6.6,23.7
1996-04-23,-2.6,0.4,6.8,25.8
1996-04-24,-4.3,0.8,4.6,26.7
1996-04-25,-6.1,1.8,4.4,27.4
1996-04-26,-5.6,1.9,7.3,23.6
1996-04-27,-1.9,-1.4,8.8,24.2
1996-04-28,1.5,-0.2,8.8,24.4
1996-04-29,-1.1,2.6,11.2,27.6
1996-04-30,-6.2,0.0,7.7,27.7
,-7.8,0.0,5.9,28.8
,-2.2,-1.6,4.9,24.4
1996-05-01,-3.2,-8.7,1.2,22.0
1996-05-02,0.2,-9.5,1.7,22.3
1996-05-03,-4.5,-5.0,2.2,24.0
1996-05-04,-5.4,-0.7,3.2,22.4
1996-05-05,-0.1,-6.0,3.2,24.0
1996-05-06,4.5,-6.6,4.9,22.1
1996-05-07,2.9,-4.4,6.0,23.0
1996-05-08,-5.7,-3.3,3.1,22.8
1996-05-09,-6.5,-5.9,3.1,23.2
1996-05-10,-4.3,-4.6,2.7,23.8
1996-05-11,-3.1,-0.2,1.7,24.7
1996-05-12,0.5,6.5,0.9,24.7
1996-05-13,2.9,8.3,2.1,23.0
1996-05-14,3.8,6.7,8.6,22.9
1996-05-15,2.0,1.2,9.5,22.6
1996-05-16,-3.8,-2.3,6.3,21.7
1996-05-17,-4.9,-2.0,4.5,22.8
1996-05-18,-3.9,-2.1,1.9,27.9
1996-05-19,-2.5,-3.4,1.8,26.5
1996-05-20,-0.8,-4.1,5.1,24.7
1996-05-21,-1.0,-3.8,5.5,24.7
1996-05-22,-0.8,-2.1,6.6,23.7
1996-05-23,-2.6,0.4,6.8,25.8
1996-05-24,-4.3,0.8,4.6,26.7
1996-05-25,-6.1,1.8,4.4,27.4
1996-05-26,-5.6,1.9,7.3,23.6
1996-05-27,-1.9,-1.4,8.8,24.2
1996-05-28,1.5,-0.2,8.8,24.4
1996-05-29,-1.1,2.6,11.2,27.6
1996-05-30,-6.2,0.0,7.7,27.7
1996-05-31,-7.8,0.0,5.9,28.8
,-2.2,-1.6,4.9,24.4
1996-06-01,-3.2,-8.7,1.2,22.0
1996-06-02,0.2,-9.5,1.7,22.3
1996-06-03,-4.5,-5.0,2.2,24.0
1996-06-04,-5.4,-0.7,3.2,22.4
1996-06-05,-0.1,-6.0,3.2,24.0
1996-06-06,4.5,-6.6,4.9,22.1
1996-06-07,2.9,-4.4,6.0,23.0
1996-06-08,-5.7,-3.3,3.1,22.8
1996-06-09,-6.5,-5.9,3.1,23.2
1996-06-10,-4.3,-4.6,2.7,23.8
1996-06-11,-3.1,-0.2,1.7,24.7
1996-06-12,0.5,6.5,0.9,24.7
1996-06-13,2.9,8.3,2.1,23.0
1996-06-14,3.8,6.7,8.6,22.9
1996-06-15,2.0,1.2,9.5,22.6
1996-06-16,-3.8,-2.3,6.3,21.7
1996-06-17,-4.9,-2.0,4.5,22.8
1996-06-18,-3.9,-2.1,1.9,27.9
1996-06-19,-2.5,-3.4,1.8,26.5
1996-06-20,-0.8,-4.1,5.1,24.7
1996-06-21,-1.0,-3.8,5.5,24.7
1996-06-22,-0.8,-2.1,6.6,23.7
1996-06-23,-2.6,0.4,6.8,25.8
1996-06-24,-4.3,0.8,4.6,26.7
1996-06-25,-6.1,1.8,4.4,27.4
1996-06-26,-5.6,1.9,7.3,23.6
1996-06-27,-1.9,-1.4,8.8,24.2
1996-06-28,1.5,-0.2,8.8,24.4
1996-06-29,-1.1,2.6,11.2,27.6
1996-06-30,-6.2,0.0,7.7,27.7
,-7.8,0.0,5.9,28.8
,-2.2,-1.6,4.9,24.4
1996-07-01,-3.2,-8.7,1.2,22.0
1996-07-02,0.2,-9.5,1.7,22.3
1996-07-03,-4.5,-5.0,2.2,24.0
1996-07-04,-5.4,-0.7,3.2,22.4
1996-07-05,-0.1,-6.0,3.2,24.0
1996-07-06,4.5,-6.6,4.9,22.1
1996-07-07,2.9,-4.4,6.0,23.0
1996-07-08,-5.7,-3.3,3.1,22.8
1996-07-09,-6.5,-5.9,3.1,23.2
1996-07-10,-4.3,-4.6,2.7,23.8
1996-07-11,-3.1,-0.2,1.7,24.7
1996-07-12,0.5,6.5,0.9,24.7
1996-07-13,2.9,8.3,2.1,23.0
1996-07-14,3.8,6.7,8.6,22.9
1996-07-15,2.0,1.2,9.5,22.6
1996-07-16,-3.8,-2.3,6.3,21.7
1996-07-17,-4.9,-2.0,4.5,22.8
1996-07-18,-3.9,-2.1,1.9,27.9
1996-07-19,-2.5,-3.4,1.8,26.5
1996-07-20,-0.8,-4.1,5.1,24.7
1996-07-21,-1.0,-3.8,5.5,24.7
1996-07-22,-0.8,-2.1,6.6,23.7
1996-07-23,-2.6,0.4,6.8,25.8
1996-07-24,-4.3,0.8,4.6,26.7
1996-07-25,-6.1,1.8,4.4,27.4
1996-07-26,-5.6,1.9,7.3,23.6
1996-07-27,-1.9,-1.4,8.8,24.2
1996-07-28,1.5,-0.2,8.8,24.4
1996-07-29,-1.1,2.6,11.2,27.6
1996-07-30,-6.2,0.0,7.7,27.7
1996-07-31,-7.8,0.0,5.9,28.8
,-2.2,-1.6,4.9,24.4
1996-08-01,-3.2,-8.7,1.2,22.0
1996-08-02,0.2,-9.5,1.7,22.3
1996-08-03,-4.5,-5.0,2.2,24.0
1996-08-04,-5.4,-0.7,3.2,22.4
1996-08-05,-0.1,-6.0,3.2,24.0
1996-08-06,4.5,-6.6,4.9,22.1
1996-08-07,2.9,-4.4,6.0,23.0
1996-08-08,-5.7,-3.3,3.1,22.8
1996-08-09,-6.5,-5.9,3.1,23.2
1996-08-10,-4.3,-4.6,2.7,23.8
1996-08-11,-3.1,-0.2,1.7,24.7
1996-08-12,0.5,6.5,0.9,24.7
1996-08-13,2.9,8.3,2.1,23.0
1996-08-14,3.8,6.7,8.6,22.9
1996-08-15,2.0,1.2,9.5,22.6
1996-08-16,-3.8,-2.3,6.3,21.7
1996-08-17,-4.9,-2.0,4.5,22.8
1996-08-18,-3.9,-2.1,1.9,27.9
1996-08-19,-2.5,-3.4,1.8,26.5
1996-08-20,-0.8,-4.1,5.1,24.7
1996-08-21,-1.0,-3.8,5.5,24.7
1996-08-22,-0.8,-2.1,6.6,23.7
1996-08-23,-2.6,0.4,6.8,25.8
1996-08-24,-4.3,0.8,4.6,26.7
1996-08-25,-6.1,1.8,4.4,27.4
1996-08-26,-5.6,1.9,7.3,23.6
1996-08-27,-1.9,-1.4,8.8,24.2
1996-08-28,1.5,-0.2,8.8,24.4
1996-08-29,-1.1,2.6,11.2,27.6
1996-08-30,-6.2,0.0,7.7,27.7
1996-08-31,-7.8,0.0,5.9,28.8
,-2.2,-1.6,4.9,24.4
1996-09-01,-3.2,-8.7,1.2,22.0
1996-09-02,0.2,-9.5,1.7,22.3
1996-09-03,-4.5,-5.0,2.2,24.0
1996-09-04,-5.4,-0.7,3.2,22.4
1996-09-05,-0.1,-6.0,3.2,24.0
1996-09-06,4.5,-6.6,4.9,22.1
1996-09-07,2.9,-4.4,6.0,23.0
1996-09-08,-5.7,-3.3,3.1,22.8
1996-09-09,-6.5,-5.9,3.1,23.2
1996-09-10,-4.3,-4.6,2.7,23.8
1996-09-11,-3.1,-0.2,1.7,24.7
1996-09-12,0.5,6.5,0.9,24.7
1996-09-13,2.9,8.3,2.1,23.0
1996-09-14,3.8,6.7,8.6,22.9
1996-09-15,2.0,1.2,9.5,22.6
1996-09-16,-3.8,-2.3,6.3,21.7
1996-09-17,-4.9,-2.0,4.5,22.8
1996-09-18,-3.9,-2.1,1.9,27.9
1996-09-19,-2.5,-3.4,1.8,26.5
1996-09-20,-0.8,-4.1,5.1,24.7
1996-09-21,-1.0,-3.8,5.5,24.7
1996-09-22,-0.8,-2.1,6.6,23.7
1996-09-23,-2.6,0.4,6.8,25.8
1996-09-24,-4.3,0.8,4.6,26.7
1996-09-25,-6.1,1.8,4.4,27.4
1996-09-26,-5.6,1.9,7.3,23.6
1996-09-27,-1.9,-1.4,8.8,24.2
1996-09-28,1.5,-0.2,8.8,24.4
1996-09-29,-1.1,2.6,11.2,27.6
1996-09-30,-6.2,0.0,7.7,27.7
,-7.8,0.0,5.9,28.8
,-2.2,-1.6,4.9,24.4
1996-10-01,-3.2,-8.7,1.2,22.0
1996-10-02,0.2,-9.5,1.7,22.3
1996-10-03,-4.5,-5.0,2.2,24.0
1996-10-04,-5.4,-0.7,3.2,22.4
1996-10-05,-0.1,-6.0,3.2,24.0
1996-10-06,4.5,-6.6,4.9,22.1
1996-10-07,2.9,-4.4,6.0,23.0
1996-10-08,-5.7,-3.3,3.1,22.8
1996-10-09,-6.5,-5.9,3.1,23.2
1996-10-10,-4.3,-4.6,2.7,23.8
1996-10-11,-3.1,-0.2,1.7,24.7
1996-10-12,0.5,6.5,0.9,24.7
1996-10-13,2.9,8.3,2.1,23.0
1996-10-14,3.8,6.7,8.6,22.9
1996-10-15,2.0,1.2,9.5,22.6
1996-10-16,-3.8,-2.3,6.3,21.7
1996-10-17,-4.9,-2.0,4.5,22.8
1996-10-18,-3.9,-2.1,1.9,27.9
1996-10-19,-2.5,-3.4,1.8,26.5
1996-10-20,-0.8,-4.1,5.1,24.7
1996-10-21,-1.0,-3.8,5.5,24.7
1996-10-22,-0.8,-2.1,6.6,23.7
1996-10-23,-2.6,0.4,6.8,25.8
1996-10-24,-4.3,0.8,4.6,26.7
1996-10-25,-6.1,1.8,4.4,27.4
1996-10-26,-5.6,1.9,7.3,23.6
1996-10-27,-1.9,-1.4,8.8,24.2
1996-10-28,1.5,-0.2,8.8,24.4
1996-10-29,-1.1,2.6,11.2,27.6
1996-10-30,-6.2,0.0,7.7,27.7
1996-10-31,-7.8,0.0,5.9,28.8
,-2.2,-1.6,4.9,24.4
1996-11-01,-3.2,-8.7,1.2,22.0
1996-11-02,0.2,-9.5,1.7,22.3
1996-11-03,-4.5,-5.0,2.2,24.0
1996-11-04,-5.4,-0.7,3.2,22.4
1996-11-05,-0.1,-6.0,3.2,24.0
1996-11-06,4.5,-6.6,4.9,22.1
1996-11-07,2.9,-4.4,6.0,23.0
1996-11-08,-5.7,-3.3,3.1,22.8
1996-11-09,-6.5,-5.9,3.1,23.2
1996-11-10,-4.3,-4.6,2.7,23.8
1996-11-11,-3.1,-0.2,1.7,24.7
1996-11-12,0.5,6.5,0.9,24.7
1996-11-13,2.9,8.3,2.1,23.0
1996-11-14,3.8,6.7,8.6,22.9
1996-11-15,2.0,1.2,9.5,22.6
1996-11-16,-3.8,-2.3,6.3,21.7
1996-11-17,-4.9,-2.0,4.5,22.8
1996-11-18,-3.9,-2.1,1.9,27.9
1996-11-19,-2.5,-3.4,1.8,26.5
1996-11-20,-0.8,-4.1,5.1,24.7
1996-11-21,-1.0,-3.8,5.5,24.7
1996-11-22,-0.8,-2.1,6.6,23.7
1996-11-23,-2.6,0.4,6.8,25.8
1996-11-24,-4.3,0.8,4.6,26.7
1996-11-25,-6.1,1.8,4.4,27.4
1996-11-26,-5.6,1.9,7.3,23.6
1996-11-27,-1.9,-1.4,8.8,24.2
1996-11-28,1.5,-0.2,8.8,24.4
1996-11-29,-1.1,2.6,11.2,27.6
1996-11-30,-6.2,0.0,7.7,27.7
,-7.8,0.0,5.9,28.8
,-2.2,-1.6,4.9,24.4
1996-12-01,-3.2,-8.7,1.2,22.0
1996-12-02,0.2,-9.5,1.7,22.3
1996-12-03,-4.5,-5.0,2.2,24.0
1996-12-04,-5.4,-0.7,3.2,22.4
1996-12-05,-0.1,-6.0,3.2,24.0
1996-12-06,4.5,-6.6,4.9,22.1
1996-12-07,2.9,-4.4,6.0,23.0
1996-12-08,-5.7,-3.3,3.1,22.8
1996-12-09,-6.5,-5.9,3.1,23.2
1996-12-10,-4.3,-4.6,2.7,23.8
1996-12-11,-3.1,-0.2,1.7,24.7
1996-12-12,0.5,6.5,0.9,24.7
1996-12-13,2.9,8.3,2.1,23.0
1996-12-14,3.8,6.7,8.6,22.9
1996-12-15,2.0,1.2,9.5,22.6
1996-12-16,-3.8,-2.3,6.3,21.7
1996-12-17,-4.9,-2.0,4.5,22.8
1996-12-18,-3.9,-2.1,1.9,27.9
1996-12-19,-2.5,-3.4,1.8,26.5
1996-12-20,-0.8,-4.1,5.1,24.7
1996-12-21,-1.0,-3.8,5.5,24.7
1996-12-22,-0.8,-2.1,6.6,23.7
1996-12-23,-2.6,0.4,6.8,25.8
1996-12-24,-4.3,0.8,4.6,26.7
1996-12-25,-6.1,1.8,4.4,27.4
1996-12-26,-5.6,1.9,7.3,23.6
1996-12-27,-1.9,-1.4,8.8,24.2
1996-12-28,1.5,-0.2,8.8,24.4
1996-12-29,-1.1,2.6,11.2,27.6
1996-12-30,-6.2,0.0,7.7,27.7
1996-12-31,-7.8,0.0,5.9,28.8
,-2.2,-1.6,4.9,24.4
1997-01-01,-1.2,-2.8,2.9,22.0
1997-01-02,-8.4,-3.1,0.6,24.8
1997-01-03,-6.8,-3.5,1.0,24.8
1997-01-04,-4.6,-1.5,5.1,23.5
1997-01-05,-2.2,0.0,7.6,21.1
1997-01-06,-7.0,-1.5,6.6,19.7
1997-01-07,-5.9,-1.3,6.7,22.5
1997-01-08,-3.8,0.6,5.9,23.9
1997-01-09,-2.1,2.3,8.7,24.5
1997-01-10,-1.3,0.1,8.6,26.5
1997-01-11,-0.9,-3.0,8.4,26.7
1997-01-12,0.0,-2.9,10.7,23.0
1997-01-13,1.5,-1.3,13.0,25.2
1997-01-14,-4.8,1.6,7.6,25.6
1997-01-15,-4.8,4.3,4.3,23.1
1997-01-16,-1.3,-4.0,5.0,25.3
1997-01-17,0.8,-2.9,5.7,26.2
1997-01-18,-3.5,-2.2,6.3,26.1
1997-01-19,-3.1,0.5,9.0,27.2
1997-01-20,0.3,3.7,10.2,27.8
1997-01-21,-9.7,-0.1,8.4,27.9
1997-01-22,-8.4,-0.1,8.2,28.6
1997-01-23,-4.9,2.8,5.1,29.5
1997-01-24,-6.3,6.0,5.0,29.7
1997-01-25,-3.0,5.6,6.5,29.3
1997-01-26,0.9,6.6,8.7,30.4
1997-01-27,1.6,8.7,9.5,29.5
1997-01-28,-2.3,6.2,11.2,29.3
1997-01-29,-3.9,0.0,8.0,29.4
1997-01-30,-3.6,0.0,2.4,28.0
1997-01-31,-3.1,0.0,4.3,28.5
,-3.3,0.7,6.8,26.1
1997-02-01,-1.2,-2.8,2.9,22.0
1997-02-02,-8.4,-3.1,0.6,24.8
1997-02-03,-6.8,-3.5,1.0,24.8
1997-02-04,-4.6,-1.5,5.1,23.5
1997-02-05,-2.2,0.0,7.6,21.1
1997-02-06,-7.0,-1.5,6.6,19.7
1997-02-07,-5.9,-1.3,6.7,22.5
1997-02-08,-3.8,0.6,5.9,23.9
1997-02-09,-2.1,2.3,8.7,24.5
1997-02-10,-1.3,0.1,8.6,26.5
1997-02-11,-0.9,-3.0,8.4,26.7
1997-02-12,0.0,-2.9,10.7,23.0
1997-02-13,1.5,-1.3,13.0,25.2
1997-02-14,-4.8,1.6,7.6,25.6
1997-02-15,-4.8,4.3,4.3,23.1
1997-02-16,-1.3,-4.0,5.0,25.3
1997-02-17,0.8,-2.9,5.7,26.2
1997-02-18,-3.5,-2.2,6.3,26.1
1997-02-19,-3.1,0.5,9.0,27.2
1997-02-20,0.3,3.7,10.2,27.8
1997-02-21,-9.7,-0.1,8.4,27.9
1997-02-22,-8.4,-0.1,8.2,28.6
1997-02-23,-4.9,2.8,5.1,29.5
1997-02-24,-6.3,6.0,5.0,29.7
1997-02-25,-3.0,5.6,6.5,29.3
1997-02-26,0.9,6.6,8.7,30.4
1997-02-27,1.6,8.7,9.5,29.5
1997-02-28,-2.3,6.2,11.2,29.3
,-3.9,0.0,8.0,29.4
,-3.6,0.0,2.4,28.0
,-3.1,0.0,4.3,28.5
,-3.3,0.7,6.8,26.1
1997-03-01,-1.2,-2.8,2.9,22.0
1997-03-02,-8.4,-3.1,0.6,24.8
1997-03-03,-6.8,-3.5,1.0,24.8
1997-03-04,-4.6,-1.5,5.1,23.5
1997-03-05,-2.2,0.0,7.6,21.1
1997-03-06,-7.0,-1.5,6.6,19.7
1997-03-07,-5.9,-1.3,6.7,22.5
1997-03-08,-3.8,0.6,5.9,23.9
1997-03-09,-2.1,2.3,8.7,24.5
1997-03-10,-1.3,0.1,8.6,26.5
1997-03-11,-0.9,-3.0,8.4,26.7
1997-03-12,0.0,-2.9,10.7,23.0
1997-03-13,1.5,-1.3,13.0,25.2
1997-03-14,-4.8,1.6,7.6,25.6
1997-03-15,-4.8,4.3,4.3,23.1
1997-03-16,-1.3,-4.0,5.0,25.3
1997-03-17,0.8,-2.9,5.7,26.2
1997-03-18,-3.5,-2.2,6.3,26.1
1997-03-19,-3.1,0.5,9.0,27.2
1997-03-20,0.3,3.7,10.2,27.8
1997-03-21,-9.7,-0.1,8.4,27.9
1997-03-22,-8.4,-0.1,8.2,28.6
1997-03-23,-4.9,2.8,5.1,29.5
1997-03-24,-6.3,6.0,5.0,29.7
1997-03-25,-3.0,5.6,6.5,29.3
1997-03-26,0.9,6.6,8.7,30.4
1997-03-27,1.6,8.7,9.5,29.5
1997-03-28,-2.3,6.2,11.2,29.3
1997-03-29,-3.9,0.0,8.0,29.4
1997-03-30,-3.6,0.0,2.4,28.0
1997-03-31,-3.1,0.0,4.3,28.5
,-3.3,0.7,6.8,26.1
1997-04-01,-1.2,-2.8,2.9,22.0
1997-04-02,-8.4,-3.1,0.6,24.8
1997-04-03,-6.8,-3.5,1.0,24.8
1997-04-04,-4.6,-1.5,5.1,23.5
1997-04-05,-2.2,0.0,7.6,21.1
1997-04-06,-7.0,-1.5,6.6,19.7
1997-04-07,-5.9,-1.3,6.7,22.5
1997-04-08,-3.8,0.6,5.9,23.9
1997-04-09,-2.1,2.3,8.7,24.5
1997-04-10,-1.3,0.1,8.6,26.5
1997-04-11,-0.9,-3.0,8.4,26.7
1997-04-12,0.0,-2.9,10.7,23.0
1997-04-13,1.5,-1.3,13.0,25.2
1997-04-14,-4.8,1.6,7.6,25.6
1997-04-15,-4.8,4.3,4.3,23.1
1997-04-16,-1.3,-4.0,5.0,25.3
1997-04-17,0.8,-2.9,5.7,26.2
1997-04-18,-3.5,-2.2,6.3,26.1
1997-04-19,-3.1,0.5,9.0,27.2
1997-04-20,0.3,3.7,10.2,27.8
1997-04-21,-9.7,-0.1,8.4,27.9
1997-04-22,-8.4,-0.1,8.2,28.6
1997-04-23,-4.9,2.8,5.1,29.5
1997-04-24,-6.3,6.0,5.0,29.7
1997-04-25,-3.0,5.6,6.5,29.3
1997-04-26,0.9,6.6,8.7,30.4
1997-04-27,1.6,8.7,9.5,29.5
1997-04-28,-2.3,6.2,11.2,29.3
1997-04-29,-3.9,0.0,8.0,29.4
1997-04-30,-3.6,0.0,2.4,28.0
,-3.1,0.0,4.3,28.5
,-3.3,0.7,6.8,26.1
1997-05-01,-1.2,-2.8,2.9,22.0
1997-05-02,-8.4,-3.1,0.6,24.8
1997-05-03,-6.8,-3.5,1.0,24.8
1997-05-04,-4.6,-1.5,5.1,23.5
1997-05-05,-2.2,0.0,7.6,21.1
1997-05-06,-7.0,-1.5,6.6,19.7
1997-05-07,-5.9,-1.3,6.7,22.5
1997-05-08,-3.8,0.6,5.9,23.9
1997-05-09,-2.1,2.3,8.7,24.5
1997-05-10,-1.3,0.1,8.6,26.5
1997-05-11,-0.9,-3.0,8.4,26.7
1997-05-12,0.0,-2.9,10.7,23.0
1997-05-13,1.5,-1.3,13.0,25.2
1997-05-14,-4.8,1.6,7.6,25.6
1997-05-15,-4.8,4.3,4.3,23.1
1997-05-16,-1.3,-4.0,5.0,25.3
1997-05-17,0.8,-2.9,5.7,26.2
1997-05-18,-3.5,-2.2,6.3,26.1
1997-05-19,-3.1,0.5,9.0,27.2
1997-05-20,0.3,3.7,10.2,27.8
1997-05-21,-9.7,-0.1,8.4,27.9
1997-05-22,-8.4,-0.1,8.2,28.6
1997-05-23,-4.9,2.8,5.1,29.5
1997-05-24,-6.3,6.0,5.0,29.7
1997-05-25,-3.0,5.6,6.5,29.3
1997-05-26,0.9,6.6,8.7,30.4
1997-05-27,1.6,8.7,9.5,29.5
1997-05-28,-2.3,6.2,11.2,29.3
1997-05-29,-3.9,0.0,8.0,29.4
1997-05-30,-3.6,0.0,2.4,28.0
1997-05-31,-3.1,0.0,4.3,28.5
,-3.3,0.7,6.8,26.1
1997-06-01,-1.2,-2.8,2.9,22.0
1997-06-02,-8.4,-3.1,0.6,24.8
1997-06-03,-6.8,-3.5,1.0,24.8
1997-06-04,-4.6,-1.5,5.1,23.5
1997-06-05,-2.2,0.0,7.6,21.1
1997-06-06,-7.0,-1.5,6.6,19.7
1997-06-07,-5.9,-1.3,6.7,22.5
1997-06-08,-3.8,0.6,5.9,23.9
1997-06-09,-2.1,2.3,8.7,24.5
1997-06-10,-1.3,0.1,8.6,26.5
1997-06-11,-0.9,-3.0,8.4,26.7
1997-06-12,0.0,-2.9,10.7,23.0
1997-06-13,1.5,-1.3,13.0,25.2
1997-06-14,-4.8,1.6,7.6,25.6
1997-06-15,-4.8,4.3,4.3,23.1
1997-06-16,-1.3,-4.0,5.0,25.3
1997-06-17,0.8,-2.9,5.7,26.2
1997-06-18,-3.5,-2.2,6.3,26.1
1997-06-19,-3.1,0.5,9.0,27.2
1997-06-20,0.3,3.7,10.2,27.8
1997-06-21,-9.7,-0.1,8.4,27.9
1997-06-22,-8.4,-0.1,8.2,28.6
1997-06-23,-4.9,2.8,5.1,29.5
1997-06-24,-6.3,6.0,5.0,29.7
1997-06-25,-3.0,5.6,6.5,29.3
1997-06-26,0.9,6.6,8.7,30.4
1997-06-27,1.6,8.7,9.5,29.5
1997-06-28,-2.3,6.2,11.2,29.3
1997-06-29,-3.9,0.0,8.0,29.4
1997-06-30,-3.6,0.0,2.4,28.0
,-3.1,0.0,4.3,28.5
,-3.3,0.7,6.8,26.1
1997-07-01,-1.2,-2.8,2.9,22.0
1997-07-02,-8.4,-3.1,0.6,24.8
1997-07-03,-6.8,-3.5,1.0,24.8
1997-07-04,-4.6,-1.5,5.1,23.5
1997-07-05,-2.2,0.0,7.6,21.1
1997-07-06,-7.0,-1.5,6.6,19.7
1997-07-07,-5.9,-1.3,6.7,22.5
1997-07-08,-3.8,0.6,5.9,23.9
1997-07-09,-2.1,2.3,8.7,24.5
1997-07-10,-1.3,0.1,8.6,26.5
1997-07-11,-0.9,-3.0,8.4,26.7
1997-07-12,0.0,-2.9,10.7,23.0
1997-07-13,1.5,-1.3,13.0,25.2
1997-07-14,-4.8,1.6,7.6,25.6
1997-07-15,-4.8,4.3,4.3,23.1
1997-07-16,-1.3,-4.0,5.0,25.3
1997-07-17,0.8,-2.9,5.7,26.2
1997-07-18,-3.5,-2.2,6.3,26.1
1997-07-19,-3.1,0.5,9.0,27.2
1997-07-20,0.3,3.7,10.2,27.8
1997-07-21,-9.7,-0.1,8.4,27.9
1997-07-22,-8.4,-0.1,8.2,28.6
1997-07-23,-4.9,2.8,5.1,29.5
1997-07-24,-6.3,6.0,5.0,29.7
1997-07-25,-3.0,5.6,6.5,29.3
1997-07-26,0.9,6.6,8.7,30.4
1997-07-27,1.6,8.7,9.5,29.5
1997-07-28,-2.3,6.2,11.2,29.3
1997-07-29,-3.9,0.0,8.0,29.4
1997-07-30,-3.6,0.0,2.4,28.0
1997-07-31,-3.1,0.0,4.3,28.5
,-3.3,0.7,6.8,26.1
1997-08-01,-1.2,-2.8,2.9,22.0
1997-08-02,-8.4,-3.1,0.6,24.8
1997-08-03,-6.8,-3.5,1.0,24.8
1997-08-04,-4.6,-1.5,5.1,23.5
1997-08-05,-2.2,0.0,7.6,21.1
1997-08-06,-7.0,-1.5,6.6,19.7
1997-08-07,-5.9,-1.3,6.7,22.5
1997-08-08,-3.8,0.6,5.9,23.9
1997-08-09,-2.1,2.3,8.7,24.5
1997-08-10,-1.3,0.1,8.6,26.5
1997-08-11,-0.9,-3.0,8.4,26.7
1997-08-12,0.0,-2.9,10.7,23.0
1997-08-13,1.5,-1.3,13.0,25.2
1997-08-14,-4.8,1.6,7.6,25.6
1997-08-15,-4.8,4.3,4.3,23.1
1997-08-16,-1.3,-4.0,5.0,25.3
1997-08-17,0.8,-2.9,5.7,26.2
1997-08-18,-3.5,-2.2,6.3,26.1
1997-08-19,-3.1,0.5,9.0,27.2
1997-08-20,0.3,3.7,10.2,27.8
1997-08-21,-9.7,-0.1,8.4,27.9
1997-08-22,-8.4,-0.1,8.2,28.6
1997-08-23,-4.9,2.8,5.1,29.5
1997-08-24,-6.3,6.0,5.0,29.7
1997-08-25,-3.0,5.6,6.5,29.3
1997-08-26,0.9,6.6,8.7,30.4
1997-08-27,1.6,8.7,9.5,29.5
1997-08-28,-2.3,6.2,11.2,29.3
1997-08-29,-3.9,0.0,8.0,29.4
1997-08-30,-3.6,0.0,2.4,28.0
1997-08-31,-3.1,0.0,4.3,28.5
,-3.3,0.7,6.8,26.1
1997-09-01,-1.2,-2.8,2.9,22.0
1997-09-02,-8.4,-3.1,0.6,24.8
1997-09-03,-6.8,-3.5,1.0,24.8
1997-09-04,-4.6,-1.5,5.1,23.5
1997-09-05,-2.2,0.0,7.6,21.1
1997-09-06,-7.0,-1.5,6.6,19.7
1997-09-07,-5.9,-1.3,6.7,22.5
1997-09-08,-3.8,0.6,5.9,23.9
1997-09-09,-2.1,2.3,8.7,24.5
1997-09-10,-1.3,0.1,8.6,26.5
1997-09-11,-0.9,-3.0,8.4,26.7
1997-09-12,0.0,-2.9,10.7,23.0
1997-09-13,1.5,-1.3,13.0,25.2
1997-09-14,-4.8,1.6,7.6,25.6
1997-09-15,-4.8,4.3,4.3,23.1
1997-09-16,-1.3,-4.0,5.0,25.3
1997-09-17,0.8,-2.9,5.7,26.2
1997-09-18,-3.5,-2.2,6.3,26.1
1997-09-19,-3.1,0.5,9.0,27.2
1997-09-20,0.3,3.7,10.2,27.8
1997-09-21,-9.7,-0.1,8.4,27.9
1997-09-22,-8.4,-0.1,8.2,28.6
1997-09-23,-4.9,2.8,5.1,29.5
1997-09-24,-6.3,6.0,5.0,29.7
1997-09-25,-3.0,5.6,6.5,29.3
1997-09-26,0.9,6.6,8.7,30.4
1997-09-27,1.6,8.7,9.5,29.5
1997-09-28,-2.3,6.2,11.2,29.3
1997-09-29,-3.9,0.0,8.0,29.4
1997-09-30,-3.6,0.0,2.4,28.0
,-3.1,0.0,4.3,28.5
,-3.3,0.7,6.8,26.1
1997-10-01,-1.2,-2.8,2.9,22.0
1997-10-02,-8.4,-3.1,0.6,24.8
1997-10-03,-6.8,-3.5,1.0,24.8
1997-10-04,-4.6,-1.5,5.1,23.5
1997-10-05,-2.2,0.0,7.6,21.1
1997-10-06,-7.0,-1.5,6.6,19.7
1997-10-07,-5.9,-1.3,6.7,22.5
1997-10-08,-3.8,0.6,5.9,23.9
1997-10-09,-2.1,2.3,8.7,24.5
1997-10-10,-1.3,0.1,8.6,26.5
1997-10-11,-0.9,-3.0,8.4,26.7
1997-10-12,0.0,-2.9,10.7,23.0
1997-10-13,1.5,-1.3,13.0,25.2
1997-10-14,-4.8,1.6,7.6,25.6
1997-10-15,-4.8,4.3,4.3,23.1
1997-10-16,-1.3,-4.0,5.0,25.3
1997-10-17,0.8,-2.9,5.7,26.2
1997-10-18,-3.5,-2.2,6.3,26.1
1997-10-19,-3.1,0.5,9.0,27.2
1997-10-20,0.3,3.7,10.2,27.8
1997-10-21,-9.7,-0.1,8.4,27.9
1997-10-22,-8.4,-0.1,8.2,28.6
1997-10-23,-4.9,2.8,5.1,29.5
1997-10-24,-6.3,6.0,5.0,29.7
1997-10-25,-3.0,5.6,6.5,29.3
1997-10-26,0.9,6.6,8.7,30.4
1997-10-27,1.6,8.7,9.5,29.5
1997-10-28,-2.3,6.2,11.2,29.3
1997-10-29,-3.9,0.0,8.0,29.4
1997-10-30,-3.6,0.0,2.4,28.0
1997-10-31,-3.1,0.0,4.3,28.5
,-3.3,0.7,6.8,26.1
1997-11-01,-1.2,-2.8,2.9,22.0
1997-11-02,-8.4,-3.1,0.6,24.8
1997-11-03,-6.8,-3.5,1.0,24.8
1997-11-04,-4.6,-1.5,5.1,23.5
1997-11-05,-2.2,0.0,7.6,21.1
1997-11-06,-7.0,-1.5,6.6,19.7
1997-11-07,-5.9,-1.3,6.7,22.5
1997-11-08,-3.8,0.6,5.9,23.9
1997-11-09,-2.1,2.3,8.7,24.5
1997-11-10,-1.3,0.1,8.6,26.5
1997-11-11,-0.9,-3.0,8.4,26.7
1997-11-12,0.0,-2.9,10.7,23.0
1997-11-13,1.5,-1.3,13.0,25.2
1997-11-14,-4.8,1.6,7.6,25.6
1997-11-15,-4.8,4.3,4.3,23.1
1997-11-16,-1.3,-4.0,5.0,25.3
1997-11-17,0.8,-2.9,5.7,26.2
1997-11-18,-3.5,-2.2,6.3,26.1
1997-11-19,-3.1,0.5,9.0,27.2
1997-11-20,0.3,3.7,10.2,27.8
1997-11-21,-9.7,-0.1,8.4,27.9
1997-11-22,-8.4,-0.1,8.2,28.6
1997-11-23,-4.9,2.8,5.1,29.5
1997-11-24,-6.3,6.0,5.0,29.7
1997-11-25,-3.0,5.6,6.5,29.3
1997-11-26,0.9,6.6,8.7,30.4
1997-11-27,1.6,8.7,9.5,29.5
1997-11-28,-2.3,6.2,11.2,29.3
1997-11-29,-3.9,0.0,8.0,29.4
1997-11-30,-3.6,0.0,2.4,28.0
,-3.1,0.0,4.3,28.5
,-3.3,0.7,6.8,26.1
1997-12-01,-1.2,-2.8,2.9,22.0
1997-12-02,-8.4,-3.1,0.6,24.8
1997-12-03,-6.8,-3.5,1.0,24.8
1997-12-04,-4.6,-1.5,5.1,23.5
1997-12-05,-2.2,0.0,7.6,21.1
1997-12-06,-7.0,-1.5,6.6,19.7
1997-12-07,-5.9,-1.3,6.7,22.5
1997-12-08,-3.8,0.6,5.9,23.9
1997-12-09,-2.1,2.3,8.7,24.5
1997-12-10,-1.3,0.1,8.6,26.5
1997-12-11,-0.9,-3.0,8.4,26.7
1997-12-12,0.0,-2.9,10.7,23.0
1997-12-13,1.5,-1.3,13.0,25.2
1997-12-14,-4.8,1.6,7.6,25.6
1997-12-15,-4.8,4.3,4.3,23.1
1997-12-16,-1.3,-4.0,5.0,25.3
1997-12-17,0.8,-2.9,5.7,26.2
1997-12-18,-3.5,-2.2,6.3,26.1
1997-12-19,-3.1,0.5,9.0,27.2
1997-12-20,0.3,3.7,10.2,27.8
1997-12-21,-9.7,-0.1,8.4,27.9
1997-12-22,-8.4,-0.1,8.2,28.6
1997-12-23,-4.9,2.8,5.1,29.5
1997-12-24,-6.3,6.0,5.0,29.7
1997-12-25,-3.0,5.6,6.5,29.3
1997-12-26,0.9,6.6,8.7,30.4
1997-12-27,1.6,8.7,9.5,29.5
1997-12-28,-2.3,6.2,11.2,29.3
1997-12-29,-3.9,0.0,8.0,29.4
1997-12-30,-3.6,0.0,2.4,28.0
1997-12-31,-3.1,0.0,4.3,28.5
,-3.3,0.7,6.8,26.1
1998-01-01,1.9,-1.7,5.9,22.2
1998-01-02,3.2,-0.3,5.6,21.9
1998-01-03,5.3,0.9,6.4,23.2
1998-01-04,-5.5,-0.8,8.8,25.0
1998-01-05,-1.3,-0.3,9.6,25.1
1998-01-06,-1.4,2.9,8.8,26.6
1998-01-07,0.6,2.2,9.1,27.1
1998-01-08,2.0,-3.6,8.5,24.1
1998-01-09,2.1,-4.7,10.0,23.8
1998-01-10,3.2,-2.7,7.4,24.0
1998-01-11,4.1,2.4,5.5,25.1
1998-01-12,1.4,7.4,6.2,26.3
1998-01-13,1.2,3.2,8.2,25.8
1998-01-14,2.6,2.0,4.0,25.0
1998-01-15,1.8,2.4,3.0,24.2
1998-01-16,1.6,3.0,5.4,23.3
1998-01-17,3.2,4.8,7.8,25.7
1998-01-18,-7.1,6.9,11.4,25.3
1998-01-19,-9.9,9.9,8.8,21.4
1998-01-20,-4.3,10.3,-0.6,24.6
1998-01-21,-5.4,4.2,1.3,24.4
1998-01-22,-2.0,5.5,1.8,25.4
1998-01-23,-7.3,7.3,4.5,26.2
1998-01-24,-11.9,7.2,7.1,25.6
1998-01-25,-6.7,8.6,9.1,24.8
1998-01-26,-2.9,6.9,8.8,23.6
1998-01-27,-3.6,4.8,8.4,25.6
1998-01-28,-4.8,5.1,9.9,26.9
1998-01-29,-2.7,0.0,12.6,27.7
1998-01-30,2.0,0.0,11.7,27.7
1998-01-31,-1.5,0.0,12.2,24.8
,-1.4,3.4,7.3,24.9
1998-02-01,1.9,-1.7,5.9,22.2
1998-02-02,3.2,-0.3,5.6,21.9
1998-02-03,5.3,0.9,6.4,23.2
1998-02-04,-5.5,-0.8,8.8,25.0
1998-02-05,-1.3,-0.3,9.6,25.1
1998-02-06,-1.4,2.9,8.8,26.6
1998-02-07,0.6,2.2,9.1,27.1
1998-02-08,2.0,-3.6,8.5,24.1
1998-02-09,2.1,-4.7,10.0,23.8
1998-02-10,3.2,-2.7,7.4,24.0
1998-02-11,4.1,2.4,5.5,25.1
1998-02-12,1.4,7.4,6.2,26.3
1998-02-13,1.2,3.2,8.2,25.8
1998-02-14,2.6,2.0,4.0,25.0
1998-02-15,1.8,2.4,3.0,24.2
1998-02-16,1.6,3.0,5.4,23.3
1998-02-17,3.2,4.8,7.8,25.7
1998-02-18,-7.1,6.9,11.4,25.3
1998-02-19,-9.9,9.9,8.8,21.4
1998-02-20,-4.3,10.3,-0.6,24.6
1998-02-21,-5.4,4.2,1.3,24.4
1998-02-22,-2.0,5.5,1.8,25.4
1998-02-23,-7.3,7.3,4.5,26.2
1998-02-24,-11.9,7.2,7.1,25.6
1998-02-25,-6.7,8.6,9.1,24.8
1998-02-26,-2.9,6.9,8.8,23.6
1998-02-27,-3.6,4.8,8.4,25.6
1998-02-28,-4.8,5.1,9.9,26.9
,-2.7,0.0,12.6,27.7
,2.0,0.0,11.7,27.7
,-1.5,0.0,12.2,24.8
,-1.4,3.4,7.3,24.9
1998-03-01,1.9,-1.7,5.9,22.2
1998-03-02,3.2,-0.3,5.6,21.9
1998-03-03,5.3,0.9,6.4,23.2
1998-03-04,-5.5,-0.8,8.8,25.0
1998-03-05,-1.3,-0.3,9.6,25.1
1998-03-06,-1.4,2.9,8.8,26.6
1998-03-07,0.6,2.2,9.1,27.1
1998-03-08,2.0,-3.6,8.5,24.1
1998-03-09,2.1,-4.7,10.0,23.8
1998-03-10,3.2,-2.7,7.4,24.0
1998-03-11,4.1,2.4,5.5,25.1
1998-03-12,1.4,7.4,6.2,26.3
1998-03-13,1.2,3.2,8.2,25.8
1998-03-14,2.6,2.0,4.0,25.0
1998-03-15,1.8,2.4,3.0,24.2
1998-03-16,1.6,3.0,5.4,23.3
1998-03-17,3.2,4.8,7.8,25.7
1998-03-18,-7.1,6.9,11.4,25.3
1998-03-19,-9.9,9.9,8.8,21.4
1998-03-20,-4.3,10.3,-0.6,24.6
1998-03-21,-5.4,4.2,1.3,24.4
1998-03-22,-2.0,5.5,1.8,25.4
1998-03-23,-7.3,7.3,4.5,26.2
1998-03-24,-11.9,7.2,7.1,25.6
1998-03-25,-6.7,8.6,9.1,24.8
1998-03-26,-2.9,6.9,8.8,23.6
1998-03-27,-3.6,4.8,8.4,25.6
1998-03-28,-4.8,5.1,9.9,26.9
1998-03-29,-2.7,0.0,12.6,27.7
1998-03-30,2.0,0.0,11.7,27.7
1998-03-31,-1.5,0.0,12.2,24.8
,-1.4,3.4,7.3,24.9
1998-04-01,1.9,-1.7,5.9,22.2
1998-04-02,3.2,-0.3,5.6,21.9
1998-04-03,5.3,0.9,6.4,23.2
1998-04-04,-5.5,-0.8,8.8,25.0
1998-04-05,-1.3,-0.3,9.6,25.1
1998-04-06,-1.4,2.9,8.8,26.6
1998-04-07,0.6,2.2,9.1,27.1
1998-04-08,2.0,-3.6,8.5,24.1
1998-04-09,2.1,-4.7,10.0,23.8
1998-04-10,3.2,-2.7,7.4,24.0
1998-04-11,4.1,2.4,5.5,25.1
1998-04-12,1.4,7.4,6.2,26.3
1998-04-13,1.2,3.2,8.2,25.8
1998-04-14,2.6,2.0,4.0,25.0
1998-04-15,1.8,2.4,3.0,24.2
1998-04-16,1.6,3.0,5.4,23.3
1998-04-17,3.2,4.8,7.8,25.7
1998-04-18,-7.1,6.9,11.4,25.3
1998-04-19,-9.9,9.9,8.8,21.4
1998-04-20,-4.3,10.3,-0.6,24.6
1998-04-21,-5.4,4.2,1.3,24.4
1998-04-22,-2.0,5.5,1.8,25.4
1998-04-23,-7.3,7.3,4.5,26.2
1998-04-24,-11.9,7.2,7.1,25.6
1998-04-25,-6.7,8.6,9.1,24.8
1998-04-26,-2.9,6.9,8.8,23.6
1998-04-27,-3.6,4.8,8.4,25.6
1998-04-28,-4.8,5.1,9.9,26.9
1998-04-29,-2.7,0.0,12.6,27.7
1998-04-30,2.0,0.0,11.7,27.7
,-1.5,0.0,12.2,24.8
,-1.4,3.4,7.3,24.9
1998-05-01,1.9,-1.7,5.9,22.2
1998-05-02,3.2,-0.3,5.6,21.9
1998-05-03,5.3,0.9,6.4,23.2
1998-05-04,-5.5,-0.8,8.8,25.0
1998-05-05,-1.3,-0.3,9.6,25.1
1998-05-06,-1.4,2.9,8.8,26.6
1998-05-07,0.6,2.2,9.1,27.1
1998-05-08,2.0,-3.6,8.5,24.1
1998-05-09,2.1,-4.7,10.0,23.8
1998-05-10,3.2,-2.7,7.4,24.0
1998-05-11,4.1,2.4,5.5,25.1
1998-05-12,1.4,7.4,6.2,26.3
1998-05-13,1.2,3.2,8.2,25.8
1998-05-14,2.6,2.0,4.0,25.0
1998-05-15,1.8,2.4,3.0,24.2
1998-05-16,1.6,3.0,5.4,23.3
1998-05-17,3.2,4.8,7.8,25.7
1998-05-18,-7.1,6.9,11.4,25.3
1998-05-19,-9.9,9.9,8.8,21.4
1998-05-20,-4.3,10.3,-0.6,24.6
1998-05-21,-5.4,4.2,1.3,24.4
1998-05-22,-2.0,5.5,1.8,25.4
1998-05-23,-7.3,7.3,4.5,26.2
1998-05-24,-11.9,7.2,7.1,25.6
1998-05-25,-6.7,8.6,9.1,24.8
1998-05-26,-2.9,6.9,8.8,23.6
1998-05-27,-3.6,4.8,8.4,25.6
1998-05-28,-4.8,5.1,9.9,26.9
1998-05-29,-2.7,0.0,12.6,27.7
1998-05-30,2.0,0.0,11.7,27.7
1998-05-31,-1.5,0.0,12.2,24.8
,-1.4,3.4,7.3,24.9
1998-06-01,1.9,-1.7,5.9,22.2
1998-06-02,3.2,-0.3,5.6,21.9
1998-06-03,5.3,0.9,6.4,23.2
1998-06-04,-5.5,-0.8,8.8,25.0
1998-06-05,-1.3,-0.3,9.6,25.1
1998-06-06,-1.4,2.9,8.8,26.6
1998-06-07,0.6,2.2,9.1,27.1
1998-06-08,2.0,-3.6,8.5,24.1
1998-06-09,2.1,-4.7,10.0,23.8
1998-06-10,3.2,-2.7,7.4,24.0
1998-06-11,4.1,2.4,5.5,25.1
1998-06-12,1.4,7.4,6.2,26.3
1998-06-13,1.2,3.2,8.2,25.8
1998-06-14,2.6,2.0,4.0,25.0
1998-06-15,1.8,2.4,3.0,24.2
1998-06-16,1.6,3.0,5.4,23.3
1998-06-17,3.2,4.8,7.8,25.7
1998-06-18,-7.1,6.9,11.4,25.3
1998-06-19,-9.9,9.9,8.8,21.4
1998-06-20,-4.3,10.3,-0.6,24.6
1998-06-21,-5.4,4.2,1.3,24.4
1998-06-22,-2.0,5.5,1.8,25.4
1998-06-23,-7.3,7.3,4.5,26.2
1998-06-24,-11.9,7.2,7.1,25.6
1998-06-25,-6.7,8.6,9.1,24.8
1998-06-26,-2.9,6.9,8.8,23.6
1998-06-27,-3.6,4.8,8.4,25.6
1998-06-28,-4.8,5.1,9.9,26.9
1998-06-29,-2.7,0.0,12.6,27.7
1998-06-30,2.0,0.0,11.7,27.7
,-1.5,0.0,12.2,24.8
,-1.4,3.4,7.3,24.9
1998-07-01,1.9,-1.7,5.9,22.2
1998-07-02,3.2,-0.3,5.6,21.9
1998-07-03,5.3,0.9,6.4,23.2
1998-07-04,-5.5,-0.8,8.8,25.0
1998-07-05,-1.3,-0.3,9.6,25.1
1998-07-06,-1.4,2.9,8.8,26.6
1998-07-07,0.6,2.2,9.1,27.1
1998-07-08,2.0,-3.6,8.5,24.1
1998-07-09,2.1,-4.7,10.0,23.8
1998-07-10,3.2,-2.7,7.4,24.0
1998-07-11,4.1,2.4,5.5,25.1
1998-07-12,1.4,7.4,6.2,26.3
1998-07-13,1.2,3.2,8.2,25.8
1998-07-14,2.6,2.0,4.0,25.0
1998-07-15,1.8,2.4,3.0,24.2
1998-07-16,1.6,3.0,5.4,23.3
1998-07-17,3.2,4.8,7.8,25.7
1998-07-18,-7.1,6.9,11.4,25.3
1998-07-19,-9.9,9.9,8.8,21.4
1998-07-20,-4.3,10.3,-0.6,24.6
1998-07-21,-5.4,4.2,1.3,24.4
1998-07-22,-2.0,5.5,1.8,25.4
1998-07-23,-7.3,7.3,4.5,26.2
1998-07-24,-11.9,7.2,7.1,25.6
1998-07-25,-6.7,8.6,9.1,24.8
1998-07-26,-2.9,6.9,8.8,23.6
1998-07-27,-3.6,4.8,8.4,25.6
1998-07-28,-4.8,5.1,9.9,26.9
1998-07-29,-2.7,0.0,12.6,27.7
1998-07-30,2.0,0.0,11.7,27.7
1998-07-31,-1.5,0.0,12.2,24.8
,-1.4,3.4,7.3,24.9
1998-08-01,1.9,-1.7,5.9,22.2
1998-08-02,3.2,-0.3,5.6,21.9
1998-08-03,5.3,0.9,6.4,23.2
1998-08-04,-5.5,-0.8,8.8,25.0
1998-08-05,-1.3,-0.3,9.6,25.1
1998-08-06,-1.4,2.9,8.8,26.6
1998-08-07,0.6,2.2,9.1,27.1
1998-08-08,2.0,-3.6,8.5,24.1
1998-08-09,2.1,-4.7,10.0,23.8
1998-08-10,3.2,-2.7,7.4,24.0
1998-08-11,4.1,2.4,5.5,25.1
1998-08-12,1.4,7.4,6.2,26.3
1998-08-13,1.2,3.2,8.2,25.8
1998-08-14,2.6,2.0,4.0,25.0
1998-08-15,1.8,2.4,3.0,24.2
1998-08-16,1.6,3.0,5.4,23.3
1998-08-17,3.2,4.8,7.8,25.7
1998-08-18,-7.1,6.9,11.4,25.3
1998-08-19,-9.9,9.9,8.8,21.4
1998-08-20,-4.3,10.3,-0.6,24.6
1998-08-21,-5.4,4.2,1.3,24.4
1998-08-22,-2.0,5.5,1.8,25.4
1998-08-23,-7.3,7.3,4.5,26.2
1998-08-24,-11.9,7.2,7.1,25.6
1998-08-25,-6.7,8.6,9.1,24.8
1998-08-26,-2.9,6.9,8.8,23.6
1998-08-27,-3.6,4.8,8.4,25.6
1998-08-28,-4.8,5.1,9.9,26.9
1998-08-29,-2.7,0.0,12.6,27.7
1998-08-30,2.0,0.0,11.7,27.7
1998-08-31,-1.5,0.0,12.2,24.8
,-1.4,3.4,7.3,24.9
1998-09-01,1.9,-1.7,5.9,22.2
1998-09-02,3.2,-0.3,5.6,21.9
1998-09-03,5.3,0.9,6.4,23.2
1998-09-04,-5.5,-0.8,8.8,25.0
1998-09-05,-1.3,-0.3,9.6,25.1
1998-09-06,-1.4,2.9,8.8,26.6
1998-09-07,0.6,2.2,9.1,27.1
1998-09-08,2.0,-3.6,8.5,24.1
1998-09-09,2.1,-4.7,10.0,23.8
1998-09-10,3.2,-2.7,7.4,24.0
1998-09-11,4.1,2.4,5.5,25.1
1998-09-12,1.4,7.4,6.2,26.3
1998-09-13,1.2,3.2,8.2,25.8
1998-09-14,2.6,2.0,4.0,25.0
1998-09-15,1.8,2.4,3.0,24.2
1998-09-16,1.6,3.0,5.4,23.3
1998-09-17,3.2,4.8,7.8,25.7
1998-09-18,-7.1,6.9,11.4,25.3
1998-09-19,-9.9,9.9,8.8,21.4
1998-09-20,-4.3,10.3,-0.6,24.6
1998-09-21,-5.4,4.2,1.3,24.4
1998-09-22,-2.0,5.5,1.8,25.4
1998-09-23,-7.3,7.3,4.5,26.2
1998-09-24,-11.9,7.2,7.1,25.6
1998-09-25,-6.7,8.6,9.1,24.8
1998-09-26,-2.9,6.9,8.8,23.6
1998-09-27,-3.6,4.8,8.4,25.6
1998-09-28,-4.8,5.1,9.9,26.9
1998-09-29,-2.7,0.0,12.6,27.7
1998-09-30,2.0,0.0,11.7,27.7
,-1.5,0.0,12.2,24.8
,-1.4,3.4,7.3,24.9
1998-10-01,1.9,-1.7,5.9,22.2
1998-10-02,3.2,-0.3,5.6,21.9
1998-10-03,5.3,0.9,6.4,23.2
1998-10-04,-5.5,-0.8,8.8,25.0
1998-10-05,-1.3,-0.3,9.6,25.1
1998-10-06,-1.4,2.9,8.8,26.6
1998-10-07,0.6,2.2,9.1,27.1
1998-10-08,2.0,-3.6,8.5,24.1
1998-10-09,2.1,-4.7,10.0,23.8
1998-10-10,3.2,-2.7,7.4,24.0
1998-10-11,4.1,2.4,5.5,25.1
1998-10-12,1.4,7.4,6.2,26.3
1998-10-13,1.2,3.2,8.2,25.8
1998-10-14,2.6,2.0,4.0,25.0
1998-10-15,1.8,2.4,3.0,24.2
1998-10-16,1.6,3.0,5.4,23.3
1998-10-17,3.2,4.8,7.8,25.7
1998-10-18,-7.1,6.9,11.4,25.3
1998-10-19,-9.9,9.9,8.8,21.4
1998-10-20,-4.3,10.3,-0.6,24.6
1998-10-21,-5.4,4.2,1.3,24.4
1998-10-22,-2.0,5.5,1.8,25.4
1998-10-23,-7.3,7.3,4.5,26.2
1998-10-24,-11.9,7.2,7.1,25.6
1998-10-25,-6.7,8.6,9.1,24.8
1998-10-26,-2.9,6.9,8.8,23.6
1998-10-27,-3.6,4.8,8.4,25.6
1998-10-28,-4.8,5.1,9.9,26.9
1998-10-29,-2.7,0.0,12.6,27.7
1998-10-30,2.0,0.0,11.7,27.7
1998-10-31,-1.5,0.0,12.2,24.8
,-1.4,3.4,7.3,24.9
1998-11-01,1.9,-1.7,5.9,22.2
1998-11-02,3.2,-0.3,5.6,21.9
1998-11-03,5.3,0.9,6.4,23.2
1998-11-04,-5.5,-0.8,8.8,25.0
1998-11-05,-1.3,-0.3,9.6,25.1
1998-11-06,-1.4,2.9,8.8,26.6
1998-11-07,0.6,2.2,9.1,27.1
1998-11-08,2.0,-3.6,8.5,24.1
1998-11-09,2.1,-4.7,10.0,23.8
1998-11-10,3.2,-2.7,7.4,24.0
1998-11-11,4.1,2.4,5.5,25.1
1998-11-12,1.4,7.4,6.2,26.3
1998-11-13,1.2,3.2,8.2,25.8
1998-11-14,2.6,2.0,4.0,25.0
1998-11-15,1.8,2.4,3.0,24.2
1998-11-16,1.6,3.0,5.4,23.3
1998-11-17,3.2,4.8,7.8,25.7
1998-11-18,-7.1,6.9,11.4,25.3
1998-11-19,-9.9,9.9,8.8,21.4
1998-11-20,-4.3,10.3,-0.6,24.6
1998-11-21,-5.4,4.2,1.3,24.4
1998-11-22,-2.0,5.5,1.8,25.4
1998-11-23,-7.3,7.3,4.5,26.2
1998-11-24,-11.9,7.2,7.1,25.6
1998-11-25,-6.7,8.6,9.1,24.8
1998-11-26,-2.9,6.9,8.8,23.6
1998-11-27,-3.6,4.8,8.4,25.6
1998-11-28,-4.8,5.1,9.9,26.9
1998-11-29,-2.7,0.0,12.6,27.7
1998-11-30,2.0,0.0,11.7,27.7
,-1.5,0.0,12.2,24.8
,-1.4,3.4,7.3,24.9
1998-12-01,1.9,-1.7,5.9,22.2
1998-12-02,3.2,-0.3,5.6,21.9
1998-12-03,5.3,0.9,6.4,23.2
1998-12-04,-5.5,-0.8,8.8,25.0
1998-12-05,-1.3,-0.3,9.6,25.1
1998-12-06,-1.4,2.9,8.8,26.6
1998-12-07,0.6,2.2,9.1,27.1
1998-12-08,2.0,-3.6,8.5,24.1
1998-12-09,2.1,-4.7,10.0,23.8
1998-12-10,3.2,-2.7,7.4,24.0
1998-12-11,4.1,2.4,5.5,25.1
1998-12-12,1.4,7.4,6.2,26.3
1998-12-13,1.2,3.2,8.2,25.8
1998-12-14,2.6,2.0,4.0,25.0
1998-12-15,1.8,2.4,3.0,24.2
1998-12-16,1.6,3.0,5.4,23.3
1998-12-17,3.2,4.8,7.8,25.7
1998-12-18,-7.1,6.9,11.4,25.3
1998-12-19,-9.9,9.9,8.8,21.4
1998-12-20,-4.3,10.3,-0.6,24.6
1998-12-21,-5.4,4.2,1.3,24.4
1998-12-22,-2.0,5.5,1.8,25.4
1998-12-23,-7.3,7.3,4.5,26.2
1998-12-24,-11.9,7.2,7.1,25.6
1998-12-25,-6.7,8.6,9.1,24.8
1998-12-26,-2.9,6.9,8.8,23.6
1998-12-27,-3.6,4.8,8.4,25.6
1998-12-28,-4.8,5.1,9.9,26.9
1998-12-29,-2.7,0.0,12.6,27.7
1998-12-30,2.0,0.0,11.7,27.7
1998-12-31,-1.5,0.0,12.2,24.8
,-1.4,3.4,7.3,24.9
1999-01-01,-1.5,2.5,5.6,25.9
1999-01-02,2.7,-3.7,6.2,25.5
1999-01-03,1.9,-8.1,7.7,25.7
1999-01-04,2.5,-4.6,11.1,25.9
1999-01-05,3.6,-1.3,6.7,26.1
1999-01-06,3.3,-0.2,4.9,26.3
1999-01-07,-6.0,2.9,5.2,26.2
1999-01-08,-9.1,4.3,3.3,26.3
1999-01-09,-9.3,2.1,3.2,23.5
1999-01-10,-6.7,1.2,4.1,21.3
1999-01-11,-6.3,0.1,2.5,24.4
1999-01-12,-5.6,-4.8,5.8,23.8
1999-01-13,-3.6,-4.2,9.3,26.1
1999-01-14,-3.3,-1.9,10.7,27.3
1999-01-15,-2.4,3.4,9.6,23.5
1999-01-16,-1.7,4.7,9.7,23.9
1999-01-17,-1.0,7.4,11.3,24.8
1999-01-18,1.8,2.8,11.5,25.3
1999-01-19,2.8,-1.6,6.8,26.8
1999-01-20,-2.6,-2.5,6.5,29.5
1999-01-21,-0.6,-1.5,1.5,28.6
1999-01-22,5.1,2.6,-0.8,25.5
1999-01-23,6.5,4.6,3.6,26.0
1999-01-24,7.5,5.5,6.0,26.2
1999-01-25,5.0,5.7,9.7,26.8
1999-01-26,3.8,5.7,9.3,29.6
1999-01-27,4.0,-1.8,8.6,28.7
1999-01-28,-2.3,0.1,4.0,24.9
1999-01-29,-5.4,0.0,3.7,25.0
1999-01-30,-5.6,0.0,8.3,26.8
1999-01-31,-1.1,0.0,10.8,25.4
,-0.8,0.7,6.7,25.9
1999-02-01,-1.5,2.5,5.6,25.9
1999-02-02,2.7,-3.7,6.2,25.5
1999-02-03,1.9,-8.1,7.7,25.7
1999-02-04,2.5,-4.6,11.1,25.9
1999-02-05,3.6,-1.3,6.7,26.1
1999-02-06,3.3,-0.2,4.9,26.3
1999-02-07,-6.0,2.9,5.2,26.2
1999-02-08,-9.1,4.3,3.3,26.3
1999-02-09,-9.3,2.1,3.2,23.5
1999-02-10,-6.7,1.2,4.1,21.3
1999-02-11,-6.3,0.1,2.5,24.4
1999-02-12,-5.6,-4.8,5.8,23.8
1999-02-13,-3.6,-4.2,9.3,26.1
1999-02-14,-3.3,-1.9,10.7,27.3
1999-02-15,-2.4,3.4,9.6,23.5
1999-02-16,-1.7,4.7,9.7,23.9
1999-02-17,-1.0,7.4,11.3,24.8
1999-02-18,1.8,2.8,11.5,25.3
1999-02-19,2.8,-1.6,6.8,26.8
1999-02-20,-2.6,-2.5,6.5,29.5
1999-02-21,-0.6,-1.5,1.5,28.6
1999-02-22,5.1,2.6,-0.8,25.5
1999-02-23,6.5,4.6,3.6,26.0
1999-02-24,7.5,5.5,6.0,26.2
1999-02-25,5.0,5.7,9.7,26.8
1999-02-26,3.8,5.7,9.3,29.6
1999-02-27,4.0,-1.8,8.6,28.7
1999-02-28,-2.3,0.1,4.0,24.9
,-5.4,0.0,3.7,25.0
,-5.6,0.0,8.3,26.8
,-1.1,0.0,10.8,25.4
,-0.8,0.7,6.7,25.9
1999-03-01,-1.5,2.5,5.6,25.9
1999-03-02,2.7,-3.7,6.2,25.5
1999-03-03,1.9,-8.1,7.7,25.7
1999-03-04,2.5,-4.6,11.1,25.9
1999-03-05,3.6,-1.3,6.7,26.1
1999-03-06,3.3,-0.2,4.9,26.3
1999-03-07,-6.0,2.9,5.2,26.2
1999-03-08,-9.1,4.3,3.3,26.3
1999-03-09,-9.3,2.1,3.2,23.5
1999-03-10,-6.7,1.2,4.1,21.3
1999-03-11,-6.3,0.1,2.5,24.4
1999-03-12,-5.6,-4.8,5.8,23.8
1999-03-13,-3.6,-4.2,9.3,26.1
1999-03-14,-3.3,-1.9,10.7,27.3
1999-03-15,-2.4,3.4,9.6,23.5
1999-03-16,-1.7,4.7,9.7,23.9
1999-03-17,-1.0,7.4,11.3,24.8
1999-03-18,1.8,2.8,11.5,25.3
1999-03-19,2.8,-1.6,6.8,26.8
1999-03-20,-2.6,-2.5,6.5,29.5
1999-03-21,-0.6,-1.5,1.5,28.6
1999-03-22,5.1,2.6,-0.8,25.5
1999-03-23,6.5,4.6,3.6,26.0
1999-03-24,7.5,5.5,6.0,26.2
1999-03-25,5.0,5.7,9.7,26.8
1999-03-26,3.8,5.7,9.3,29.6
1999-03-27,4.0,-1.8,8.6,28.7
1999-03-28,-2.3,0.1,4.0,24.9
1999-03-29,-5.4,0.0,3.7,25.0
1999-03-30,-5.6,0.0,8.3,26.8
1999-03-31,-1.1,0.0,10.8,25.4
,-0.8,0.7,6.7,25.9
1999-04-01,-1.5,2.5,5.6,25.9
1999-04-02,2.7,-3.7,6.2,25.5
1999-04-03,1.9,-8.1,7.7,25.7
1999-04-04,2.5,-4.6,11.1,25.9
1999-04-05,3.6,-1.3,6.7,26.1
1999-04-06,3.3,-0.2,4.9,26.3
1999-04-07,-6.0,2.9,5.2,26.2
1999-04-08,-9.1,4.3,3.3,26.3
1999-04-09,-9.3,2.1,3.2,23.5
1999-04-10,-6.7,1.2,4.1,21.3
1999-04-11,-6.3,0.1,2.5,24.4
1999-04-12,-5.6,-4.8,5.8,23.8
1999-04-13,-3.6,-4.2,9.3,26.1
1999-04-14,-3.3,-1.9,10.7,27.3
1999-04-15,-2.4,3.4,9.6,23.5
1999-04-16,-1.7,4.7,9.7,23.9
1999-04-17,-1.0,7.4,11.3,24.8
1999-04-18,1.8,2.8,11.5,25.3
1999-04-19,2.8,-1.6,6.8,26.8
1999-04-20,-2.6,-2.5,6.5,29.5
1999-04-21,-0.6,-1.5,1.5,28.6
1999-04-22,5.1,2.6,-0.8,25.5
1999-04-23,6.5,4.6,3.6,26.0
1999-04-24,7.5,5.5,6.0,26.2
1999-04-25,5.0,5.7,9.7,26.8
1999-04-26,3.8,5.7,9.3,29.6
1999-04-27,4.0,-1.8,8.6,28.7
1999-04-28,-2.3,0.1,4.0,24.9
1999-04-29,-5.4,0.0,3.7,25.0
1999-04-30,-5.6,0.0,8.3,26.8
,-1.1,0.0,10.8,25.4
,-0.8,0.7,6.7,25.9
1999-05-01,-1.5,2.5,5.6,25.9
1999-05-02,2.7,-3.7,6.2,25.5
1999-05-03,1.9,-8.1,7.7,25.7
1999-05-04,2.5,-4.6,11.1,25.9
1999-05-05,3.6,-1.3,6.7,26.1
1999-05-06,3.3,-0.2,4.9,26.3
1999-05-07,-6.0,2.9,5.2,26.2
1999-05-08,-9.1,4.3,3.3,26.3
1999-05-09,-9.3,2.1,3.2,23.5
1999-05-10,-6.7,1.2,4.1,21.3
1999-05-11,-6.3,0.1,2.5,24.4
1999-05-12,-5.6,-4.8,5.8,23.8
1999-05-13,-3.6,-4.2,9.3,26.1
1999-05-14,-3.3,-1.9,10.7,27.3
1999-05-15,-2.4,3.4,9.6,23.5
1999-05-16,-1.7,4.7,9.7,23.9
1999-05-17,-1.0,7.4,11.3,24.8
1999-05-18,1.8,2.8,11.5,25.3
1999-05-19,2.8,-1.6,6.8,26.8
1999-05-20,-2.6,-2.5,6.5,29.5
1999-05-21,-0.6,-1.5,1.5,28.6
1999-05-22,5.1,2.6,-0.8,25.5
1999-05-23,6.5,4.6,3.6,26.0
1999-05-24,7.5,5.5,6.0,26.2
1999-05-25,5.0,5.7,9.7,26.8
1999-05-26,3.8,5.7,9.3,29.6
1999-05-27,4.0,-1.8,8.6,28.7
1999-05-28,-2.3,0.1,4.0,24.9
1999-05-29,-5.4,0.0,3.7,25.0
1999-05-30,-5.6,0.0,8.3,26.8
1999-05-31,-1.1,0.0,10.8,25.4
,-0.8,0.7,6.7,25.9
1999-06-01,-1.5,2.5,5.6,25.9
1999-06-02,2.7,-3.7,6.2,25.5
1999-06-03,1.9,-8.1,7.7,25.7
1999-06-04,2.5,-4.6,11.1,25.9
1999-06-05,3.6,-1.3,6.7,26.1
1999-06-06,3.3,-0.2,4.9,26.3
1999-06-07,-6.0,2.9,5.2,26.2
1999-06-08,-9.1,4.3,3.3,26.3
1999-06-09,-9.3,2.1,3.2,23.5
1999-06-10,-6.7,1.2,4.1,21.3
1999-06-11,-6.3,0.1,2.5,24.4
1999-06-12,-5.6,-4.8,5.8,23.8
1999-06-13,-3.6,-4.2,9.3,26.1
1999-06-14,-3.3,-1.9,10.7,27.3
1999-06-15,-2.4,3.4,9.6,23.5
1999-06-16,-1.7,4.7,9.7,23.9
1999-06-17,-1.0,7.4,11.3,24.8
1999-06-18,1.8,2.8,11.5,25.3
1999-06-19,2.8,-1.6,6.8,26.8
1999-06-20,-2.6,-2.5,6.5,29.5
1999-06-21,-0.6,-1.5,1.5,28.6
1999-06-22,5.1,2.6,-0.8,25.5
1999-06-23,6.5,4.6,3.6,26.0
1999-06-24,7.5,5.5,6.0,26.2
1999-06-25,5.0,5.7,9.7,26.8
1999-06-26,3.8,5.7,9.3,29.6
1999-06-27,4.0,-1.8,8.6,28.7
1999-06-28,-2.3,0.1,4.0,24.9
1999-06-29,-5.4,0.0,3.7,25.0
1999-06-30,-5.6,0.0,8.3,26.8
,-1.1,0.0,10.8,25.4
,-0.8,0.7,6.7,25.9
1999-07-01,-1.5,2.5,5.6,25.9
1999-07-02,2.7,-3.7,6.2,25.5
1999-07-03,1.9,-8.1,7.7,25.7
1999-07-04,2.5,-4.6,11.1,25.9
1999-07-05,3.6,-1.3,6.7,26.1
1999-07-06,3.3,-0.2,4.9,26.3
1999-07-07,-6.0,2.9,5.2,26.2
1999-07-08,-9.1,4.3,3.3,26.3
1999-07-09,-9.3,2.1,3.2,23.5
1999-07-10,-6.7,1.2,4.1,21.3
1999-07-11,-6.3,0.1,2.5,24.4
1999-07-12,-5.6,-4.8,5.8,23.8
1999-07-13,-3.6,-4.2,9.3,26.1
1999-07-14,-3.3,-1.9,10.7,27.3
1999-07-15,-2.4,3.4,9.6,23.5
1999-07-16,-1.7,4.7,9.7,23.9
1999-07-17,-1.0,7.4,11.3,24.8
1999-07-18,1.8,2.8,11.5,25.3
1999-07-19,2.8,-1.6,6.8,26.8
1999-07-20,-2.6,-2.5,6.5,29.5
1999-07-21,-0.6,-1.5,1.5,28.6
1999-07-22,5.1,2.6,-0.8,25.5
1999-07-23,6.5,4.6,3.6,26.0
1999-07-24,7.5,5.5,6.0,26.2
1999-07-25,5.0,5.7,9.7,26.8
1999-07-26,3.8,5.7,9.3,29.6
1999-07-27,4.0,-1.8,8.6,28.7
1999-07-28,-2.3,0.1,4.0,24.9
1999-07-29,-5.4,0.0,3.7,25.0
1999-07-30,-5.6,0.0,8.3,26.8
1999-07-31,-1.1,0.0,10.8,25.4
,-0.8,0.7,6.7,25.9
1999-08-01,-1.5,2.5,5.6,25.9
1999-08-02,2.7,-3.7,6.2,25.5
1999-08-03,1.9,-8.1,7.7,25.7
1999-08-04,2.5,-4.6,11.1,25.9
1999-08-05,3.6,-1.3,6.7,26.1
1999-08-06,3.3,-0.2,4.9,26.3
1999-08-07,-6.0,2.9,5.2,26.2
1999-08-08,-9.1,4.3,3.3,26.3
1999-08-09,-9.3,2.1,3.2,23.5
1999-08-10,-6.7,1.2,4.1,21.3
1999-08-11,-6.3,0.1,2.5,24.4
1999-08-12,-5.6,-4.8,5.8,23.8
1999-08-13,-3.6,-4.2,9.3,26.1
1999-08-14,-3.3,-1.9,10.7,27.3
1999-08-15,-2.4,3.4,9.6,23.5
1999-08-16,-1.7,4.7,9.7,23.9
1999-08-17,-1.0,7.4,11.3,24.8
1999-08-18,1.8,2.8,11.5,25.3
1999-08-19,2.8,-1.6,6.8,26.8
1999-08-20,-2.6,-2.5,6.5,29.5
1999-08-21,-0.6,-1.5,1.5,28.6
1999-08-22,5.1,2.6,-0.8,25.5
1999-08-23,6.5,4.6,3.6,26.0
1999-08-24,7.5,5.5,6.0,26.2
1999-08-25,5.0,5.7,9.7,26.8
1999-08-26,3.8,5.7,9.3,29.6
1999-08-27,4.0,-1.8,8.6,28.7
1999-08-28,-2.3,0.1,4.0,24.9
1999-08-29,-5.4,0.0,3.7,25.0
1999-08-30,-5.6,0.0,8.3,26.8
1999-08-31,-1.1,0.0,10.8,25.4
,-0.8,0.7,6.7,25.9
1999-09-01,-1.5,2.5,5.6,25.9
1999-09-02,2.7,-3.7,6.2,25.5
1999-09-03,1.9,-8.1,7.7,25.7
1999-09-04,2.5,-4.6,11.1,25.9
1999-09-05,3.6,-1.3,6.7,26.1
1999-09-06,3.3,-0.2,4.9,26.3
1999-09-07,-6.0,2.9,5.2,26.2
1999-09-08,-9.1,4.3,3.3,26.3
1999-09-09,-9.3,2.1,3.2,23.5
1999-09-10,-6.7,1.2,4.1,21.3
1999-09-11,-6.3,0.1,2.5,24.4
1999-09-12,-5.6,-4.8,5.8,23.8
1999-09-13,-3.6,-4.2,9.3,26.1
1999-09-14,-3.3,-1.9,10.7,27.3
1999-09-15,-2.4,3.4,9.6,23.5
1999-09-16,-1.7,4.7,9.7,23.9
1999-09-17,-1.0,7.4,11.3,24.8
1999-09-18,1.8,2.8,11.5,25.3
1999-09-19,2.8,-1.6,6.8,26.8
1999-09-20,-2.6,-2.5,6.5,29.5
1999-09-21,-0.6,-1.5,1.5,28.6
1999-09-22,5.1,2.6,-0.8,25.5
1999-09-23,6.5,4.6,3.6,26.0
1999-09-24,7.5,5.5,6.0,26.2
1999-09-25,5.0,5.7,9.7,26.8
1999-09-26,3.8,5.7,9.3,29.6
1999-09-27,4.0,-1.8,8.6,28.7
1999-09-28,-2.3,0.1,4.0,24.9
1999-09-29,-5.4,0.0,3.7,25.0
1999-09-30,-5.6,0.0,8.3,26.8
,-1.1,0.0,10.8,25.4
,-0.8,0.7,6.7,25.9
1999-10-01,-1.5,2.5,5.6,25.9
1999-10-02,2.7,-3.7,6.2,25.5
1999-10-03,1.9,-8.1,7.7,25.7
1999-10-04,2.5,-4.6,11.1,25.9
1999-10-05,3.6,-1.3,6.7,26.1
1999-10-06,3.3,-0.2,4.9,26.3
1999-10-07,-6.0,2.9,5.2,26.2
1999-10-08,-9.1,4.3,3.3,26.3
1999-10-09,-9.3,2.1,3.2,23.5
1999-10-10,-6.7,1.2,4.1,21.3
1999-10-11,-6.3,0.1,2.5,24.4
1999-10-12,-5.6,-4.8,5.8,23.8
1999-10-13,-3.6,-4.2,9.3,26.1
1999-10-14,-3.3,-1.9,10.7,27.3
1999-10-15,-2.4,3.4,9.6,23.5
1999-10-16,-1.7,4.7,9.7,23.9
1999-10-17,-1.0,7.4,11.3,24.8
1999-10-18,1.8,2.8,11.5,25.3
1999-10-19,2.8,-1.6,6.8,26.8
1999-10-20,-2.6,-2.5,6.5,29.5
1999-10-21,-0.6,-1.5,1.5,28.6
1999-10-22,5.1,2.6,-0.8,25.5
1999-10-23,6.5,4.6,3.6,26.0
1999-10-24,7.5,5.5,6.0,26.2
1999-10-25,5.0,5.7,9.7,26.8
1999-10-26,3.8,5.7,9.3,29.6
1999-10-27,4.0,-1.8,8.6,28.7
1999-10-28,-2.3,0.1,4.0,24.9
1999-10-29,-5.4,0.0,3.7,25.0
1999-10-30,-5.6,0.0,8.3,26.8
1999-10-31,-1.1,0.0,10.8,25.4
,-0.8,0.7,6.7,25.9
1999-11-01,-1.5,2.5,5.6,25.9
1999-11-02,2.7,-3.7,6.2,25.5
1999-11-03,1.9,-8.1,7.7,25.7
1999-11-04,2.5,-4.6,11.1,25.9
1999-11-05,3.6,-1.3,6.7,26.1
1999-11-06,3.3,-0.2,4.9,26.3
1999-11-07,-6.0,2.9,5.2,26.2
1999-11-08,-9.1,4.3,3.3,26.3
1999-11-09,-9.3,2.1,3.2,23.5
1999-11-10,-6.7,1.2,4.1,21.3
1999-11-11,-6.3,0.1,2.5,24.4
1999-11-12,-5.6,-4.8,5.8,23.8
1999-11-13,-3.6,-4.2,9.3,26.1
1999-11-14,-3.3,-1.9,10.7,27.3
1999-11-15,-2.4,3.4,9.6,23.5
1999-11-16,-1.7,4.7,9.7,23.9
1999-11-17,-1.0,7.4,11.3,24.8
1999-11-18,1.8,2.8,11.5,25.3
1999-11-19,2.8,-1.6,6.8,26.8
1999-11-20,-2.6,-2.5,6.5,29.5
1999-11-21,-0.6,-1.5,1.5,28.6
1999-11-22,5.1,2.6,-0.8,25.5
1999-11-23,6.5,4.6,3.6,26.0
1999-11-24,7.5,5.5,6.0,26.2
1999-11-25,5.0,5.7,9.7,26.8
1999-11-26,3.8,5.7,9.3,29.6
1999-11-27,4.0,-1.8,8.6,28.7
1999-11-28,-2.3,0.1,4.0,24.9
1999-11-29,-5.4,0.0,3.7,25.0
1999-11-30,-5.6,0.0,8.3,26.8
,-1.1,0.0,10.8,25.4
,-0.8,0.7,6.7,25.9
1999-12-01,-1.5,2.5,5.6,25.9
1999-12-02,2.7,-3.7,6.2,25.5
1999-12-03,1.9,-8.1,7.7,25.7
1999-12-04,2.5,-4.6,11.1,25.9
1999-12-05,3.6,-1.3,6.7,26.1
1999-12-06,3.3,-0.2,4.9,26.3
1999-12-07,-6.0,2.9,5.2,26.2
1999-12-08,-9.1,4.3,3.3,26.3
1999-12-09,-9.3,2.1,3.2,23.5
1999-12-10,-6.7,1.2,4.1,21.3
1999-12-11,-6.3,0.1,2.5,24.4
1999-12-12,-5.6,-4.8,5.8,23.8
1999-12-13,-3.6,-4.2,9.3,26.1
1999-12-14,-3.3,-1.9,10.7,27.3
1999-12-15,-2.4,3.4,9.6,23.5
1999-12-16,-1.7,4.7,9.7,23.9
1999-12-17,-1.0,7.4,11.3,24.8
1999-12-18,1.8,2.8,11.5,25.3
1999-12-19,2.8,-1.6,6.8,26.8
1999-12-20,-2.6,-2.5,6.5,29.5
1999-12-21,-0.6,-1.5,1.5,28.6
1999-12-22,5.1,2.6,-0.8,25.5
1999-12-23,6.5,4.6,3.6,26.0
1999-12-24,7.5,5.5,6.0,26.2
1999-12-25,5.0,5.7,9.7,26.8
1999-12-26,3.8,5.7,9.3,29.6
1999-12-27,4.0,-1.8,8.6,28.7
1999-12-28,-2.3,0.1,4.0,24.9
1999-12-29,-5.4,0.0,3.7,25.0
1999-12-30,-5.6,0.0,8.3,26.8
1999-12-31,-1.1,0.0,10.8,25.4
,-0.8,0.7,6.7,25.9
